contrast,period,known_at,rule,selected,positive_precision,positive_recall,negative_rejected
A1_vs_B,all,T+2,above_entry,19028,0.5490330039941139,0.8972773340204415,0.3590528831789662
A1_vs_B,all,T+2,up_close,12397,0.6096636282971687,0.6491454092587821,0.6385569166417687
A1_vs_B,all,T+2,no_2pct_fade,21246,0.5167090275816625,0.9428841363909646,0.23304451747833882
A1_vs_B,all,T+2,bounce_2pct,4415,0.6815402038505096,0.25843854676629735,0.8949805796235435
A1_vs_B,all,T+2,above_entry_and_up,12397,0.6096636282971687,0.6491454092587821,0.6385569166417687
A1_vs_B,all,T+3,above_entry,17917,0.594240107160797,0.9144550373615048,0.45697639677322976
A1_vs_B,all,T+3,up_close,12408,0.586960025789813,0.6255260671648201,0.6171945025395877
A1_vs_B,all,T+3,no_2pct_fade,18268,0.5637727173199036,0.8845658335480546,0.4047654616074096
A1_vs_B,all,T+3,bounce_2pct,7521,0.6921951868102646,0.4471356179678777,0.8270839557812967
A1_vs_B,all,T+3,above_entry_and_up,11061,0.6385498598680047,0.6066305934896504,0.7013743651030774
A1_vs_B,all,T+5,above_entry,16584,0.6537626628075254,0.9312032981190415,0.5711084553331341
A1_vs_B,all,T+5,up_close,11793,0.5611803612312388,0.5684102035557846,0.6134598147594861
A1_vs_B,all,T+5,no_2pct_fade,14324,0.6348087126500978,0.7809842824014429,0.6092769644457723
A1_vs_B,all,T+5,bounce_2pct,10739,0.6885184840301704,0.6350596925191102,0.7501493875112041
A1_vs_B,all,T+5,above_entry_and_up,9485,0.6780179230363732,0.5523490509318904,0.7718852703913953
A1_vs_B,development_2020_2022,T+2,above_entry,7563,0.5637974348803385,0.9083936940775458,0.38997781065088755
A1_vs_B,development_2020_2022,T+2,up_close,4894,0.6262770739681243,0.6529612270984235,0.6617973372781065
A1_vs_B,development_2020_2022,T+2,no_2pct_fade,8264,0.5303727008712488,0.9337452066467832,0.2823594674556213
A1_vs_B,development_2020_2022,T+2,bounce_2pct,2079,0.7003367003367004,0.3101832126118449,0.8848002958579881
A1_vs_B,development_2020_2022,T+2,above_entry_and_up,4894,0.6262770739681243,0.6529612270984235,0.6617973372781065
A1_vs_B,development_2020_2022,T+3,above_entry,7152,0.6036073825503355,0.9196847038772902,0.47577662721893493
A1_vs_B,development_2020_2022,T+3,up_close,5082,0.5863833136560409,0.6348530038346826,0.6113165680473372
A1_vs_B,development_2020_2022,T+3,no_2pct_fade,7057,0.576448915969959,0.8666382616105667,0.44730029585798814
A1_vs_B,development_2020_2022,T+3,bounce_2pct,3420,0.7,0.510012782275245,0.8102810650887574
A1_vs_B,development_2020_2022,T+3,above_entry_and_up,4472,0.6480322003577818,0.6173838943331913,0.7089497041420119
A1_vs_B,development_2020_2022,T+5,above_entry,6549,0.679798442510307,0.9484448231785257,0.612241124260355
A1_vs_B,development_2020_2022,T+5,up_close,4875,0.5723076923076923,0.5943757988922028,0.6144600591715976
A1_vs_B,development_2020_2022,T+5,no_2pct_fade,5304,0.6683634992458521,0.7552194290583724,0.674741124260355
A1_vs_B,development_2020_2022,T+5,bounce_2pct,4815,0.6944963655244029,0.7123988069876438,0.7279955621301775
A1_vs_B,development_2020_2022,T+5,above_entry_and_up,3905,0.700640204865557,0.5828717511717085,0.7838387573964497
A1_vs_B,test_2023_2026,T+2,above_entry,11465,0.5392935019624946,0.8897683119873363,0.3380952380952381
A1_vs_B,test_2023_2026,T+2,up_close,7503,0.5988271358123417,0.646567851489423,0.6228070175438597
A1_vs_B,test_2023_2026,T+2,no_2pct_fade,12982,0.5080110922816207,0.9490574183335732,0.19962406015037593
A1_vs_B,test_2023_2026,T+2,bounce_2pct,2336,0.6648116438356164,0.22348539358181033,0.9018796992481203
A1_vs_B,test_2023_2026,T+2,above_entry_and_up,7503,0.5988271358123417,0.646567851489423,0.6228070175438597
A1_vs_B,test_2023_2026,T+3,above_entry,10765,0.5880167208546214,0.910922434882717,0.4442355889724311
A1_vs_B,test_2023_2026,T+3,up_close,7326,0.5873600873600874,0.6192257878831486,0.6211779448621554
A1_vs_B,test_2023_2026,T+3,no_2pct_fade,11211,0.5557934171795558,0.8966757806878688,0.37593984962406013
A1_vs_B,test_2023_2026,T+3,bounce_2pct,4101,0.6856864179468423,0.4046625413728594,0.8384711779448621
A1_vs_B,test_2023_2026,T+3,above_entry_and_up,6589,0.6321141296099559,0.5993668153691178,0.6962406015037594
A1_vs_B,test_2023_2026,T+5,above_entry,10035,0.6367713004484304,0.9195567707583825,0.543233082706767
A1_vs_B,test_2023_2026,T+5,up_close,6918,0.5533391153512576,0.550870628867463,0.6127819548872181
A1_vs_B,test_2023_2026,T+5,no_2pct_fade,9020,0.6150776053215078,0.7983882573032091,0.5649122807017544
A1_vs_B,test_2023_2026,T+5,bounce_2pct,5924,0.6836596893990546,0.5828176716074255,0.7651629072681704
A1_vs_B,test_2023_2026,T+5,above_entry_and_up,5580,0.6621863799283154,0.531731184343071,0.7637844611528822
C_vs_D1,all,T+2,above_entry,5515,0.7084315503173164,0.3523629148629149,0.8803126163007071
C_vs_D1,all,T+2,up_close,11677,0.5643572835488567,0.5943362193362194,0.6213621138816524
C_vs_D1,all,T+2,no_2pct_fade,20877,0.48004981558653065,0.9038600288600288,0.19203572757722367
C_vs_D1,all,T+2,bounce_2pct,2957,0.7798444369293203,0.20797258297258298,0.9515444733903982
C_vs_D1,all,T+2,above_entry_and_up,5515,0.7084315503173164,0.3523629148629149,0.8803126163007071
C_vs_D1,all,T+3,above_entry,6436,0.7868241143567433,0.45670995670995673,0.8978786751023446
C_vs_D1,all,T+3,up_close,11443,0.579131346674823,0.5976731601731602,0.6415333085225158
C_vs_D1,all,T+3,no_2pct_fade,17806,0.5219588902617095,0.8382034632034632,0.36643096390026053
C_vs_D1,all,T+3,bounce_2pct,5397,0.783212896053363,0.38122294372294374,0.9129140305173056
C_vs_D1,all,T+3,above_entry_and_up,5265,0.7977207977207977,0.3787878787878788,0.9207294380349833
C_vs_D1,all,T+5,above_entry,7328,0.8583515283842795,0.5672799422799423,0.9227391142538147
C_vs_D1,all,T+5,up_close,11414,0.552479411249343,0.5687229437229437,0.6197990323781168
C_vs_D1,all,T+5,no_2pct_fade,13765,0.5882310207046858,0.7302489177489178,0.5781168589505025
C_vs_D1,all,T+5,bounce_2pct,8660,0.7377598152424942,0.5762085137085137,0.8309639002605136
C_vs_D1,all,T+5,above_entry_and_up,5038,0.8547042477173482,0.38834776334776333,0.945515444733904
C_vs_D1,development_2020_2022,T+2,above_entry,2263,0.7207247017233761,0.33803108808290155,0.8901060685098244
C_vs_D1,development_2020_2022,T+2,up_close,4945,0.5666329625884732,0.5807253886010363,0.6273691531907495
C_vs_D1,development_2020_2022,T+2,no_2pct_fade,8744,0.4830741079597438,0.875440414507772,0.21404973048165538
C_vs_D1,development_2020_2022,T+2,bounce_2pct,1343,0.7982129560685034,0.2221761658031088,0.9528777603894975
C_vs_D1,development_2020_2022,T+2,above_entry_and_up,2263,0.7207247017233761,0.33803108808290155,0.8901060685098244
C_vs_D1,development_2020_2022,T+3,above_entry,2697,0.8001483129403041,0.4472538860103627,0.9062771691879673
C_vs_D1,development_2020_2022,T+3,up_close,5011,0.5883057273997206,0.6109844559585492,0.6412797774300122
C_vs_D1,development_2020_2022,T+3,no_2pct_fade,7427,0.5298236165342669,0.8155440414507772,0.39280125195618154
C_vs_D1,development_2020_2022,T+3,bounce_2pct,2493,0.7918170878459687,0.40911917098445594,0.909754825247783
C_vs_D1,development_2020_2022,T+3,above_entry_and_up,2236,0.8076923076923077,0.37430051813471504,0.9252303947139627
C_vs_D1,development_2020_2022,T+5,above_entry,3081,0.8876987990912042,0.566839378238342,0.9398365501651886
C_vs_D1,development_2020_2022,T+5,up_close,4915,0.5635808748728383,0.5740932642487047,0.6270213875847679
C_vs_D1,development_2020_2022,T+5,no_2pct_fade,5513,0.6194449483040088,0.7077720207253886,0.6351938793253348
C_vs_D1,development_2020_2022,T+5,bounce_2pct,3998,0.7508754377188595,0.6221761658031089,0.8268127282211789
C_vs_D1,development_2020_2022,T+5,above_entry_and_up,2146,0.8760484622553588,0.38963730569948185,0.9537471744044514
C_vs_D1,test_2023_2026,T+2,above_entry,3252,0.6998769987699877,0.3634041194315823,0.8729828214471629
C_vs_D1,test_2023_2026,T+2,up_close,6732,0.5626856803327391,0.6048219703017723,0.6168662155127538
C_vs_D1,test_2023_2026,T+2,no_2pct_fade,12133,0.47787027116129566,0.9257544307839694,0.17555960437272253
C_vs_D1,test_2023_2026,T+2,bounce_2pct,1614,0.7645600991325898,0.19703017723135877,0.950546590317543
C_vs_D1,test_2023_2026,T+2,above_entry_and_up,3252,0.6998769987699877,0.3634041194315823,0.8729828214471629
C_vs_D1,test_2023_2026,T+3,above_entry,3739,0.7772131585985558,0.4639948906274948,0.8915929203539823
C_vs_D1,test_2023_2026,T+3,up_close,6432,0.5719838308457711,0.5874181702059715,0.6417230609057782
C_vs_D1,test_2023_2026,T+3,no_2pct_fade,10379,0.5163310530879661,0.8556602267284049,0.34669442998438316
C_vs_D1,test_2023_2026,T+3,bounce_2pct,2904,0.7758264462809917,0.35973175794347756,0.9152785007808433
C_vs_D1,test_2023_2026,T+3,above_entry_and_up,3029,0.7903598547375371,0.3822449305444675,0.9173607496095784
C_vs_D1,test_2023_2026,T+5,above_entry,4247,0.8370614551448081,0.5676193517483634,0.9099427381572098
C_vs_D1,test_2023_2026,T+5,up_close,6499,0.5440837051854132,0.5645856618234073,0.614393545028631
C_vs_D1,test_2023_2026,T+5,no_2pct_fade,8252,0.567377605428987,0.7475650646654958,0.5353982300884956
C_vs_D1,test_2023_2026,T+5,bounce_2pct,4662,0.7265122265122265,0.5407951460961201,0.834070796460177
C_vs_D1,test_2023_2026,T+5,above_entry_and_up,2892,0.838865836791148,0.38735430304965673,0.9393545028630922
