path,method,eligible,coverage,mean_entry_day,mean_entry_vs_open,mean_return_to_day15,win_to_day15
A1,direct_next_open,11643,1.0,0.0,0.0,0.10868546093166383,1.0
A1,first_up_close_by_T5,11643,1.0,1.0,0.02090375016365279,0.08594404394276259,0.8827621746972429
A1,first_reclaim_entry_by_T10,11643,1.0,1.0,0.02090375016365279,0.08594404394276259,0.8827621746972429
A2,direct_next_open,4084,1.0,0.0,0.0,0.07014387044030303,1.0
A2,first_up_close_by_T5,4084,1.0,1.0,0.01557047368691351,0.05383694693492777,0.7867286973555337
A2,first_reclaim_entry_by_T10,4084,1.0,1.0,0.01557047368691351,0.05383694693492777,0.7867286973555337
B,direct_next_open,13388,1.0,0.0,0.0,-0.059265860272187415,0.0
B,first_up_close_by_T5,13388,1.0,1.0,0.01568517083690686,-0.07348407055512951,0.0
B,first_reclaim_entry_by_T10,13388,1.0,1.0,0.01568517083690686,-0.07348407055512951,0.0
C,direct_next_open,11088,1.0,0.0,0.0,0.084258939904126,1.0
C,first_up_close_by_T5,10866,0.979978354978355,2.563040677342168,-0.0013156967444213335,0.08673453370280643,0.9365912019142278
C,first_reclaim_entry_by_T10,9913,0.8940295815295816,3.8410168465651164,0.019350446880668948,0.06843185590088277,0.850196711389085
D1,direct_next_open,13435,1.0,0.0,0.0,-0.07512187388746508,0.0
D1,first_up_close_by_T5,12050,0.8969110532192036,2.9688796680497926,-0.02220065042233563,-0.049820703359329,0.12489626556016598
D1,first_reclaim_entry_by_T10,4237,0.3153703014514328,3.9098418692471086,0.006670223652615167,-0.06171140238445827,0.0
D2,direct_next_open,4311,1.0,0.0,0.0,-0.050197286435231976,0.0
D2,first_up_close_by_T5,4262,0.9886337276733936,2.472313467855467,0.0012476330638224436,-0.05043387151857606,0.12083528859690286
D2,first_reclaim_entry_by_T10,4174,0.968220830433774,3.6396741734547198,0.02069981445998744,-0.06960304009299016,0.0
