contrast,feature,feature_cn,preferred,dev_auc_oriented,test_auc_oriented,dev_std_effect,test_std_effect,consistent_years,years,year_auc_min,year_auc_median,year_auc_max,dev_positive_n,dev_negative_n,test_positive_n,test_negative_n,dev_strength,dev_rank,selected_in_dev
A1_vs_B,above_ma60,市场MA60上方比例,low,0.6324757677243769,0.4264408863574969,0.45819829879019525,-0.2890505967348966,5,7,0.4151075299442283,0.5778937815656566,0.6812260812000666,4694,5408,6949,7980,0.13247576772437686,1,True
A1_vs_B,amv_wave_age,活跃波段年龄,low,0.6245425475490554,0.5630649872630923,0.442822266136377,0.23231216794103848,7,7,0.5438032284502725,0.588693970959596,0.6674120936843406,4694,5408,6949,7980,0.12454254754905536,2,True
A1_vs_B,amv_wave_return,活跃波段累计涨跌,low,0.6234266787136039,0.4761279908650602,0.4745486478502749,-0.06084957897283467,5,7,0.48480823438230924,0.5732303210633218,0.6436872216008532,4694,5408,6949,7980,0.12342667871360391,3,True
A1_vs_B,amv_trigger_return,活跃波段启动强度,high,0.6154551881351745,0.6106258955779145,0.48517778048764904,0.6909014010481,6,7,0.3788708181138759,0.5376588886553151,0.7605525310390034,4694,5408,6949,7980,0.11545518813517452,4,True
A1_vs_B,idx_ret20,指数20日涨跌,low,0.6096064541981076,0.4486576204506084,0.42950595001023556,-0.19562445640337806,6,7,0.41007928164922414,0.5445558722654802,0.679030527365595,4694,5408,6949,7980,0.10960645419810755,5,True
A1_vs_B,amt_ratio,全市场成交额比,high,0.5987543229995235,0.5609849021748501,0.3264675276656986,0.22744276333346128,6,7,0.3899489688552189,0.5530108685576567,0.6846788255477123,4694,5408,6949,7980,0.09875432299952347,6,True
A1_vs_B,amv_peak_drawdown,活跃波段峰值回撤,high,0.5982399278129199,0.597883884412427,0.22417319516944825,0.40067836995623507,6,7,0.4415192287457912,0.5773229108948833,0.664995370380386,4694,5408,6949,7980,0.0982399278129199,7,True
A1_vs_B,long_atr,距长期线/ATR,low,0.5971292588675459,0.47640117706844454,0.40667033459770446,-0.06325802937335687,4,7,0.4758702770628678,0.5408509574915825,0.6699278623055938,4694,5408,6949,7980,0.09712925886754586,8,True
A1_vs_B,amv_return_1d,活跃市值1日涨跌,high,0.596658649118981,0.5452184569929645,0.41484878598598657,0.1312470952345254,5,7,0.3726870265151515,0.5430115390703425,0.6918428373943462,4694,5408,6949,7980,0.09665864911898103,9,False
A1_vs_B,dist_ma120,距MA120,low,0.5965705464359639,0.5024904324417317,0.2951945752391867,0.07345865700163337,5,7,0.4913485890467181,0.5617105425781732,0.6417171994695408,4694,5408,6949,7980,0.09657054643596386,10,False
A1_vs_B,idx_slope20,指数MA20斜率,low,0.5950689009071128,0.42767326288090346,0.3444226848167629,-0.26353375548862673,6,7,0.38259911932293844,0.5593072163515016,0.6448516574687231,4694,5408,6949,7980,0.09506890090711284,11,False
A1_vs_B,rsi,RSI,low,0.5886110116654019,0.475920680244286,0.3783109932958236,-0.06586032595036938,4,7,0.4661823115442574,0.5103979903198653,0.675621861756097,4694,5408,6949,7980,0.08861101166540186,12,False
A1_vs_B,breadth_up,市场宽度向上,low,0.5873742650822025,0.4386152097757705,0.3825933257599695,-0.2687909422857033,4,7,0.4043939233039531,0.5032708689950649,0.6082352305030281,4694,5408,6949,7980,0.08737426508220247,13,False
A1_vs_B,dist_ma60,距MA60,low,0.5824115215067454,0.48902775718977964,0.29304945481120737,0.026805675470312564,5,7,0.4649394901325158,0.5360666179667177,0.6431139275832304,4694,5408,6949,7980,0.08241152150674536,14,False
A1_vs_B,dist_ma20,距MA20,low,0.5823551893642394,0.471262232426656,0.34040774092311993,-0.05223173750063372,5,7,0.4730527944025791,0.504576231060606,0.6807285052602431,4694,5408,6949,7980,0.08235518936423936,15,False
A1_vs_B,keyk_distance,距关键K低点,low,0.57805185016147,0.4939394083673264,0.24520844809217793,0.024798220829507868,5,7,0.4693285119906567,0.5426613113364214,0.6193141512248483,4694,5408,6949,7980,0.07805185016146998,16,False
A1_vs_B,key_atr,距2倍量关键K/ATR,low,0.5762141010782041,0.48438212828973004,0.2689923235980011,-0.05222875133380023,4,7,0.4584815641871566,0.5177594447956413,0.6365424754928837,4694,5408,6949,7980,0.07621410107820414,17,False
A1_vs_B,market_up,指数趋势向上,low,0.5753013021155043,0.4484917863806155,0.3397198154487476,-0.23237793150019254,6,7,0.4522255997044847,0.5205720645899412,0.6324987939191893,4694,5408,6949,7980,0.07530130211550434,18,False
A1_vs_B,ret20,前20日涨跌,low,0.5692401999405006,0.48067984394718266,0.250060444604935,-0.002732732224639354,4,7,0.4826798734489177,0.5085592788283277,0.6550568318258225,4694,5408,6949,7980,0.06924019994050057,19,False
A1_vs_B,dist_ma5,距MA5,low,0.5656931658317429,0.46920775460020026,0.27501383677020586,-0.08714055831994909,3,7,0.45152306037868084,0.489635524590328,0.6452494477988755,4694,5408,6949,7980,0.0656931658317429,20,False
A1_vs_B,base_tightness,整理紧密度,high,0.5645567140980681,0.4976127269533743,0.2778265204934932,0.0012650800105149598,4,7,0.44649653822452606,0.5250612461247907,0.6205456136517531,4694,5408,6949,7980,0.06455671409806807,21,False
A1_vs_B,amv_trigger_1d,当日1日启动,high,0.5637759033312071,0.5087244842571244,0.4495538654798219,0.06149855066323921,5,7,0.48712279040404044,0.5132904214718113,0.6356278434842432,4694,5408,6949,7980,0.06377590333120708,22,False
A1_vs_B,idx_vol20,指数20日波动,high,0.561262800396074,0.4390076861458583,0.37584699469085064,0.1520183280597865,3,7,0.43603377525252524,0.49382744226553343,0.6501064920679905,4694,5408,6949,7980,0.06126280039607401,23,False
A1_vs_B,volume_ratio,当日量/20日均量,high,0.5602315085605948,0.5389639915012744,0.2353771427032423,0.1348088349693521,6,7,0.49541377314814816,0.5368202337468216,0.6055515412955579,4694,5408,6949,7980,0.06023150856059478,24,False
A1_vs_B,slope20,MA20斜率,low,0.5582630350214173,0.4824271067653304,0.20403734203508994,-0.0023694188000596868,4,7,0.46495157311846325,0.510746508466197,0.6247293078718676,4694,5408,6949,7980,0.058263035021417275,25,False
A1_vs_B,ret5,前5日涨跌,low,0.5568643630733431,0.4632447249942384,0.23842359285034814,-0.09179717489431066,2,7,0.4479883554538283,0.49470433010677495,0.6271937960933799,4694,5408,6949,7980,0.05686436307334308,26,False
A1_vs_B,body,当日实体,high,0.5552671498677653,0.5054650134474191,0.2267660305153844,0.005855956388798438,3,7,0.4798451973303252,0.4975461461711149,0.615104323285905,4694,5408,6949,7980,0.055267149867765264,27,False
A1_vs_B,pocket_volume_ratio,当日量/前10日最大阴量,high,0.5536596353647991,0.5237852149441095,0.21163342057284182,0.09753629344843799,6,7,0.49470360585836115,0.5278664023944662,0.6167526787974239,4694,5408,6949,7980,0.05365963536479912,28,False
A1_vs_B,log_amount,成交额,low,0.5533379118628086,0.5251141236311385,0.1870231504815902,0.08057075509063472,7,7,0.5167841288418812,0.5639849010942761,0.5871175766950452,4694,5408,6949,7980,0.05333791186280856,29,False
A1_vs_B,range10,10日振幅,high,0.5456597620530301,0.4549375309045387,0.15711451436917212,-0.0979785169921721,2,7,0.41104087752525253,0.4689328475216477,0.606672980112106,4694,5408,6949,7980,0.04565976205303013,30,False
A1_vs_B,dist_high60,距60日高点,low,0.5453941146383524,0.46051526138702636,0.13901800770013711,-0.11614244309138698,2,7,0.4371198968855219,0.4666906600244767,0.6156804567314452,4694,5408,6949,7980,0.04539411463835241,31,False
A1_vs_B,ret60,前60日涨跌,low,0.5452024080848521,0.5010744229980622,0.1777805385961754,0.06041481513856072,5,7,0.47524529791399095,0.5293180707959408,0.5900857182725029,4694,5408,6949,7980,0.0452024080848521,32,False
A1_vs_B,dist_high20,距20日高点,low,0.544785432050988,0.4580820575687312,0.14468961454891693,-0.10592417624026533,3,7,0.4220316445707071,0.46652220004988787,0.6229276232528054,4694,5408,6949,7980,0.04478543205098795,33,False
A1_vs_B,log_candidates_today,当日候选数量,high,0.5431281837508792,0.5084905204441525,0.14814968797251948,0.04544881673338819,5,7,0.4585130684605143,0.534464991274358,0.5963624526515151,4694,5408,6949,7980,0.043128183750879234,34,False
A1_vs_B,close_location,当日收盘位置,high,0.5421829461568716,0.4945392784739226,0.1394732614904324,-0.018652112135011098,4,7,0.43530586851591,0.5044157342408153,0.5758988547099889,4694,5408,6949,7980,0.04218294615687157,35,False
A1_vs_B,amv_return_2d,活跃市值2日涨跌,high,0.5368827218367651,0.5510152377634258,0.22887740302288268,0.1469631112523154,6,7,0.3573953072390572,0.5353600837350142,0.5850693366086474,4694,5408,6949,7980,0.03688272183676511,36,False
A1_vs_B,slope60,MA60斜率,low,0.5341361359585319,0.5003692404850087,0.1502267627700211,0.05117686035625405,5,7,0.4722513309302786,0.5280644610038889,0.5685846236054353,4694,5408,6949,7980,0.03413613595853193,37,False
A1_vs_B,rank_atr_pct,当日候选内ATR波动率分位,low,0.5298195378148612,0.5560458925411096,0.10327934590104794,0.19342550808726008,7,7,0.5132311600983395,0.5370236165057193,0.5823080056686465,4694,5408,6949,7980,0.02981953781486124,38,False
A1_vs_B,upper_wick,上影线比例,high,0.5209632386680214,0.505554765096653,0.0715989984056959,0.022117555393723804,5,7,0.4671385935749585,0.5144630221851441,0.543901882351414,4694,5408,6949,7980,0.02096323866802141,39,False
A1_vs_B,up_down_volume,上涨量/下跌量,low,0.5191010871236855,0.4881432787610125,0.0723184189999191,-0.04171720067966372,4,7,0.43894467200734644,0.5013445849224701,0.5514169015729891,4694,5408,6949,7980,0.019101087123685523,40,False
A1_vs_B,rank_ret5,当日候选内前5日涨跌分位,high,0.5184325861038768,0.5354884008120748,0.06401830967198949,0.12380915185240852,6,7,0.48577602702534833,0.5195002131783949,0.5564336069023569,4694,5408,6949,7980,0.01843258610387677,41,False
A1_vs_B,volume_dry,5日量/20日量,high,0.5177293009708983,0.5261140872039071,0.06023017024290644,0.07839799191548538,6,7,0.45970249368686866,0.508787155481399,0.5610227534360391,4694,5408,6949,7980,0.01772930097089831,42,False
A1_vs_B,pullback_volume_ratio,回调量比,high,0.5168462256991804,0.5336771018061776,0.050870177588677734,0.0673666527068662,6,7,0.46382023358585855,0.5226393394338061,0.5663608516772276,4694,5408,6949,7980,0.016846225699180373,43,False
A1_vs_B,keyk_intact,关键K未破,low,0.5152902373797092,0.4974153526715046,0.09428117284131708,-0.015937200676498217,4,7,0.48845992782821435,0.503353851010101,0.5224209341014752,4694,5408,6949,7980,0.015290237379709248,44,False
A1_vs_B,rank_volume_ratio,当日候选内当日量/20日均量分位,high,0.5150529923949244,0.5296385480898966,0.052313986483469396,0.10274389238899544,5,7,0.4992543071529551,0.5195408512205387,0.5478954823468172,4694,5408,6949,7980,0.015052992394924414,45,False
A1_vs_B,room_risk,上方空间/下方风险,high,0.5120039405910604,0.5152889900379563,0.03534358693385551,0.10959147485609017,5,7,0.4788110294925756,0.5122987141113322,0.5395828368580347,4694,5408,6949,7980,0.012003940591060358,46,False
A1_vs_B,rank_key_atr,当日候选内距2倍量关键K/ATR分位,low,0.5118493770597656,0.4960393663453795,0.04138889304627387,-0.013520139110894345,2,7,0.48258972660834,0.49989735387722156,0.5317338052256502,4694,5408,6949,7980,0.011849377059765631,47,False
A1_vs_B,rank_ret20,当日候选内前20日涨跌分位,low,0.5110085021354216,0.5014584237251641,0.038107687812511,0.0066578007355085995,4,7,0.4724454187813447,0.513975984118156,0.5566506480795821,4694,5408,6949,7980,0.011008502135421594,48,False
A1_vs_B,rank_dist_ma60,当日候选内距MA60分位,low,0.5087835597754151,0.5159624940174584,0.03076634220449117,0.056732816051594824,5,7,0.49292958943029974,0.5021378238249652,0.5511239766142437,4694,5408,6949,7980,0.008783559775415117,49,False
A1_vs_B,atr_pct,ATR波动率,low,0.5087302215090144,0.5534234745014789,0.06302454597723135,0.16699425316001965,5,7,0.4748107465084661,0.5460661167291474,0.588331228956229,4694,5408,6949,7980,0.008730221509014369,50,False
A1_vs_B,keyk_age,关键K距今天数,high,0.5086763416062163,0.4910618787276497,0.026906249612583522,-0.02120669597553178,4,7,0.4513130485072741,0.5091602025425557,0.5479762654556304,4694,5408,6949,7980,0.008676341606216331,51,False
A1_vs_B,rank_close_location,当日候选内当日收盘位置分位,high,0.5069748252836934,0.4848530251373145,0.024240368454297403,-0.05265370116603454,2,7,0.4759861507111986,0.4937415029044617,0.5205651124256138,4694,5408,6949,7980,0.00697482528369342,52,False
A1_vs_B,support_atr,距下方支撑/ATR,high,0.5046167477950949,0.5041850540055981,0.009298502082658729,0.035360584475881654,4,7,0.4701097742920106,0.5007946363804959,0.565538631709541,4694,5408,6949,7980,0.004616747795094911,53,False
A1_vs_B,key_age,2倍量关键K年龄,high,0.5044227917189464,0.4945553289513566,0.007039382266320337,-0.0062053484899400255,4,7,0.4836195641415197,0.5017444152715677,0.5254088813493925,4694,5408,6949,7980,0.004422791718946439,54,False
A1_vs_B,amv_trigger_2d,当日2日启动,low,0.5044158490758692,0.498226507771804,0.032686656668084055,-0.013127607074104678,4,7,0.47704818625633416,0.5032712112033639,0.5451530934343434,4694,5408,6949,7980,0.004415849075869227,55,False
A1_vs_B,b1plus,旧B1+条件,low,0.5039264291188802,0.500441409683368,0.03881325014548538,0.004363390739646982,4,7,0.49606236868125086,0.5027135449512998,0.5083403462695866,4694,5408,6949,7980,0.0039264291188801925,56,False
A1_vs_B,volatility20,20日波动率,low,0.5031166250255268,0.5323637378090499,0.04801332550455582,0.12016489437170096,5,7,0.4656269673179143,0.5333566573570778,0.5672624684343434,4694,5408,6949,7980,0.003116625025526787,57,False
A1_vs_B,rank_pullback_volume_ratio,当日候选内回调量比分位,high,0.5017327845821054,0.5149243359514053,0.005926756113188081,0.05169754672207146,3,7,0.4815468486952862,0.4942945076269738,0.5456070252359931,4694,5408,6949,7980,0.0017327845821053511,58,False
A1_vs_B,rank_dist_ma20,当日候选内距MA20分位,high,0.5013830919743951,0.5108477951245938,0.004891995824472702,0.03621030421313689,4,7,0.475503472132319,0.5041384717587443,0.5351161196031913,4694,5408,6949,7980,0.001383091974395123,59,False
A1_vs_B,rank_base_tightness,当日候选内整理紧密度分位,low,0.5013690089387686,0.5118869810877749,0.004539495515532602,0.041636189060601334,5,7,0.49334009029300185,0.5070694087403599,0.529653961489899,4694,5408,6949,7980,0.0013690089387685678,60,False
A1_vs_B,rotation,轮动强度,high,0.5009486844908394,0.532911805344416,0.059729493392733396,0.15733227379127573,5,7,0.45410862515441075,0.5280782205671842,0.6083308228278335,4694,5408,6949,7980,0.0009486844908394021,61,False
A1_vs_B,red_green_ratio,阳线量/阴线量,low,0.5005986964348292,0.49600629505841154,0.02256385879232154,-0.0011966172901850508,4,7,0.4818305061179088,0.5020397008919186,0.5227548517503932,4694,5408,6949,7980,0.0005986964348292378,62,False
A1_vs_B,j,KDJ-J,low,0.5000198147326437,0.482731292182103,-0.002979463481889526,-0.06038415815277126,3,7,0.47829118960448935,0.4934851940277233,0.5220956965488215,4694,5408,6949,7980,1.9814732643674837e-05,63,False
A1_vs_C,amv_return_1d,活跃市值1日涨跌,high,0.5888818710248559,0.4875403670367075,0.3724862405571235,-0.029866470756345596,5,7,0.44952127164834343,0.5242571747287293,0.6718123694867881,4694,4825,6949,6263,0.0888818710248559,1,True
A1_vs_C,amv_wave_age,活跃波段年龄,low,0.5809580083493204,0.5453337443783932,0.2799736688788939,0.25624910733662276,6,7,0.4508143669854999,0.5618574954249214,0.6505449034518801,4694,4825,6949,6263,0.08095800834932043,2,True
A1_vs_C,above_ma60,市场MA60上方比例,low,0.5759401153716242,0.4519069697527345,0.2767287425051646,-0.2261713906862507,4,7,0.43072318509610963,0.5198873635061482,0.62509583439816,4694,4825,6949,6263,0.07594011537162415,3,True
A1_vs_C,amt_ratio,全市场成交额比,high,0.5758896927176353,0.5186239532120003,0.2562357858859247,0.060078684077719186,4,7,0.4586654497515465,0.5355479200901769,0.6775051629702793,4694,4825,6949,6263,0.07588969271763535,4,True
A1_vs_C,ret5,前5日涨跌,low,0.5732347986957222,0.48530701557367384,0.28911608745244477,-0.03733333863897667,4,7,0.4795052737317931,0.5321089332193683,0.6215125488381302,4694,4825,6949,6263,0.07323479869572225,5,True
A1_vs_C,idx_vol20,指数20日波动,high,0.5729587766104232,0.47731815248373183,0.3622136162330965,0.10578399063295973,3,7,0.47193929269420104,0.4907092099633536,0.6357737433318829,4694,4825,6949,6263,0.07295877661042316,6,True
A1_vs_C,dist_ma20,距MA20,low,0.5722723088233022,0.4956699074415646,0.28450729037360617,-0.012559222367855786,5,7,0.4737213432484815,0.5286298598133098,0.6297767547767548,4694,4825,6949,6263,0.07227230882330216,7,True
A1_vs_C,long_atr,距长期线/ATR,low,0.5720560035852185,0.5084281278621572,0.3021840773761729,0.026058927857140056,6,7,0.47073133060467987,0.530596240118601,0.6259051026492887,4694,4825,6949,6263,0.07205600358521846,8,True
A1_vs_C,base_tightness,整理紧密度,high,0.5682194665883689,0.4721286817964611,0.2691765039707227,-0.07558410865723612,3,7,0.466756947585583,0.4953147681104182,0.6253506733157896,4694,4825,6949,6263,0.06821946658836886,9,False
A1_vs_C,range10,10日振幅,high,0.5671212947407229,0.453924187093637,0.24498420556989048,-0.09515153169743931,4,7,0.42644343992410294,0.5052274674639337,0.614568727940821,4694,4825,6949,6263,0.06712129474072293,10,False
A1_vs_C,rsi,RSI,low,0.5670037596225808,0.5025657267507271,0.28049835071818185,0.011825946070743658,4,7,0.48382941870856,0.5230165973701112,0.6249689185735697,4694,4825,6949,6263,0.06700375962258076,11,False
A1_vs_C,dist_ma60,距MA60,low,0.5664933516715198,0.5113128572264609,0.22803202256793287,0.055801757743171795,6,7,0.4712792677500377,0.5287472051998977,0.6172100736054225,4694,4825,6949,6263,0.06649335167151982,12,False
A1_vs_C,dist_ma120,距MA120,low,0.565905411163187,0.528525648662582,0.19653503803418082,0.10091161702049732,6,7,0.4842541619319749,0.5245378286973704,0.6170440182068089,4694,4825,6949,6263,0.06590541116318704,13,False
A1_vs_C,dist_high20,距20日高点,low,0.5631278823589148,0.46877847078508417,0.2111934642014186,-0.07810634046023261,4,7,0.45065665866770843,0.5221451992215607,0.6131791291675013,4694,4825,6949,6263,0.06312788235891476,14,False
A1_vs_C,keyk_distance,距关键K低点,low,0.5616445977523089,0.5091984324688444,0.19229812336865706,0.05176066492129663,5,7,0.48326597266200366,0.531347612672914,0.6053808970139511,4694,4825,6949,6263,0.061644597752308905,15,False
A1_vs_C,dist_high60,距60日高点,low,0.5602106757386234,0.48271762240655425,0.19299911203799094,-0.04897361095930637,4,7,0.46969836486411065,0.5152809770089964,0.6046793663072733,4694,4825,6949,6263,0.060210675738623376,16,False
A1_vs_C,key_atr,距2倍量关键K/ATR,low,0.559642694686584,0.5064349659003899,0.2097032006235619,0.026360883188155812,6,7,0.47513633836724756,0.5253540837155557,0.5987413096609111,4694,4825,6949,6263,0.05964269468658401,17,False
A1_vs_C,market_up,指数趋势向上,low,0.5594579343931511,0.47534244327992903,0.26230636972502297,-0.10878000145049911,4,7,0.4330955874511362,0.5008011049723757,0.6224242706800847,4694,4825,6949,6263,0.05945793439315106,18,False
A1_vs_C,dist_ma5,距MA5,low,0.5571937717867148,0.4916512580297221,0.24599877797234773,-0.024069415940777838,4,7,0.49175605037483483,0.5028892076047538,0.6104452587010727,4694,4825,6949,6263,0.05719377178671481,19,False
A1_vs_C,idx_ret20,指数20日涨跌,low,0.5566847546531677,0.5145221496633383,0.22113586523732523,0.05144390083034628,5,7,0.4333721235122545,0.534203288873689,0.6479185036367356,4694,4825,6949,6263,0.05668475465316769,20,False
A1_vs_C,idx_slope20,指数MA20斜率,low,0.555639080647547,0.48141326969533527,0.20940450032766122,-0.06127281654144461,5,7,0.4173217089755047,0.5282208411201414,0.6129401187540723,4694,4825,6949,6263,0.05563908064754697,21,False
A1_vs_C,amv_wave_return,活跃波段累计涨跌,low,0.554445715067852,0.5091567203190454,0.2256735376239899,0.17381716234032304,6,7,0.4497253878769826,0.5398322426129714,0.5922148122815017,4694,4825,6949,6263,0.05444571506785201,22,False
A1_vs_C,amv_trigger_1d,当日1日启动,high,0.5540427312123734,0.5044910241899038,0.3574486538716004,0.029704467468112346,5,7,0.4741642119818041,0.5046784740186896,0.62786611042425,4694,4825,6949,6263,0.05404273121237335,23,False
A1_vs_C,amv_peak_drawdown,活跃波段峰值回撤,high,0.553980343112473,0.5079897936626254,0.12202252272116085,0.1257336814851986,5,7,0.4648242089402311,0.5093540486828823,0.6417818118399513,4694,4825,6949,6263,0.05398034311247302,24,False
A1_vs_C,ret20,前20日涨跌,low,0.5465972214556782,0.5092313959047495,0.15750645654734122,0.04634172852510097,5,7,0.4800690813448679,0.5069878453358831,0.6131956771491656,4694,4825,6949,6263,0.04659722145567824,25,False
A1_vs_C,amv_trigger_return,活跃波段启动强度,high,0.5423035911791263,0.5381754691068595,0.23271289838170212,0.1958658738213444,4,7,0.4595250838651778,0.5122530089104674,0.6138983188401793,4694,4825,6949,6263,0.0423035911791263,26,False
A1_vs_C,ret60,前60日涨跌,low,0.5418850875663123,0.5157110309419553,0.13415460292527664,0.0665956854973245,5,7,0.4938743201350353,0.5159845664256981,0.5756706105543314,4694,4825,6949,6263,0.04188508756631226,27,False
A1_vs_C,amv_return_2d,活跃市值2日涨跌,high,0.5407286779948386,0.5016634963242494,0.25070921848901717,0.0380785254582417,6,7,0.43886312480235135,0.5272403017794824,0.5580828400595842,4694,4825,6949,6263,0.04072867799483859,28,False
A1_vs_C,volume_ratio,当日量/20日均量,high,0.5399922732360349,0.5119192689365855,0.1576121536156369,0.050099674030006404,4,7,0.4656555571491088,0.5094731834167254,0.5893242782777667,4694,4825,6949,6263,0.039992273236034936,29,False
A1_vs_C,body,当日实体,high,0.5384329901914251,0.48288976686442986,0.16468226452971105,-0.05223447410133379,4,7,0.4485915245486418,0.5007873062015504,0.5750473991753061,4694,4825,6949,6263,0.0384329901914251,30,False
A1_vs_C,slope20,MA20斜率,low,0.5375863355490749,0.5011403421479093,0.12751366391357194,0.021873684300675975,3,7,0.4704086360777997,0.49739749582003345,0.5954343686901826,4694,4825,6949,6263,0.03758633554907487,31,False
A1_vs_C,breadth_up,市场宽度向上,low,0.5368293996745929,0.4468882074543835,0.17238075221217186,-0.2485908223116157,3,7,0.42267374939782065,0.49091809730793456,0.5684498024015807,4694,4825,6949,6263,0.036829399674592866,32,False
A1_vs_C,pocket_volume_ratio,当日量/前10日最大阴量,high,0.5318045084563912,0.5177708937865708,0.12825037883249282,0.07315239805891922,6,7,0.49772429320565437,0.5028747205199897,0.5746785950274322,4694,4825,6949,6263,0.031804508456391156,33,False
A1_vs_C,volatility20,20日波动率,high,0.530630658474825,0.46658475482523193,0.09284718373141335,-0.1068403802963232,4,7,0.43165076176125905,0.510671186637113,0.5521744646580541,4694,4825,6949,6263,0.030630658474825045,34,False
A1_vs_C,slope60,MA60斜率,low,0.5305165231328275,0.5181481548455482,0.10628809653798352,0.06836424340371677,5,7,0.4847855506400568,0.5134792665671887,0.5543240019984206,4694,4825,6949,6263,0.03051652313282749,35,False
A1_vs_C,log_candidates_today,当日候选数量,high,0.5289198646270953,0.5551373505750147,0.10409280584777372,0.2751363459805145,5,7,0.45334506787199214,0.5425189792620158,0.5944396191489214,4694,4825,6949,6263,0.028919864627095282,36,False
A1_vs_C,rank_key_atr,当日候选内距2倍量关键K/ATR分位,low,0.5265199755409073,0.5224516551220642,0.09197864599332702,0.07806695733206144,7,7,0.5003899484050593,0.5243085034950391,0.5371789065712557,4694,4825,6949,6263,0.026519975540907348,37,False
A1_vs_C,atr_pct,ATR波动率,high,0.5254172562923454,0.44707912420564994,0.08569853709014698,-0.16260716150911506,4,7,0.41748330449987914,0.5017210374766943,0.5384628172974616,4694,4825,6949,6263,0.02541725629234537,38,False
A1_vs_C,rank_dist_ma60,当日候选内距MA60分位,low,0.523677542270918,0.5369276056040879,0.08206837543932112,0.1281283649514853,7,7,0.5037173202614379,0.522934745341195,0.5623323474152203,4694,4825,6949,6263,0.023677542270918006,39,False
A1_vs_C,rank_base_tightness,当日候选内整理紧密度分位,high,0.5223743021076405,0.5021519091204096,0.07755317343128472,0.007746501737100901,6,7,0.4833319381661923,0.5122276915923977,0.5326367460076009,4694,4825,6949,6263,0.022374302107640465,40,False
A1_vs_C,j,KDJ-J,low,0.5211105346699899,0.5082145097328367,0.06399833197452652,0.018814878298687204,5,7,0.48529211669222483,0.5174680506724706,0.5330397856817146,4694,4825,6949,6263,0.02111053466998991,41,False
A1_vs_C,room_risk,上方空间/下方风险,high,0.5206018822501883,0.5319891950912435,0.024473034800382584,0.15222597368332205,7,7,0.5056567037849462,0.5233308966861598,0.5594782144110731,4694,4825,6949,6263,0.02060188225018833,42,False
A1_vs_C,upper_wick,上影线比例,high,0.5201419296158032,0.5069092609145893,0.07592927652473551,0.035278204659729855,5,7,0.47158771223370805,0.5181962431644136,0.5493751482123574,4694,4825,6949,6263,0.02014192961580319,43,False
A1_vs_C,rank_dist_ma20,当日候选内距MA20分位,low,0.5163564775669965,0.5174280409397755,0.05632900520331212,0.0591906319643384,6,7,0.49678178715159416,0.5178287723161468,0.5366447160369813,4694,4825,6949,6263,0.01635647756699654,44,False
A1_vs_C,close_location,当日收盘位置,high,0.51466961461109,0.4522153339674861,0.04669050600306214,-0.13977373081857525,3,7,0.4181439372437077,0.4829960860313118,0.5466252336042418,4694,4825,6949,6263,0.014669614611089954,45,False
A1_vs_C,support_atr,距下方支撑/ATR,low,0.51456612014045,0.5205337851555005,0.06983897800283326,0.06157833913456767,5,7,0.49416959429446505,0.5185819053359741,0.5396104177852986,4694,4825,6949,6263,0.01456612014045,46,False
A1_vs_C,rank_ret20,当日候选内前20日涨跌分位,low,0.5140766848208826,0.5300996721466062,0.048695622976280946,0.10348491596055741,6,7,0.4916303294573643,0.5081600188321359,0.5557349740498911,4694,4825,6949,6263,0.014076684820882646,47,False
A1_vs_C,keyk_intact,关键K未破,low,0.513108035613759,0.49621955421800223,0.0817457604879276,-0.02357602805933839,4,7,0.4817077950689167,0.5061457112562086,0.519927511206581,4694,4825,6949,6263,0.01310803561375895,48,False
A1_vs_C,amv_trigger_2d,当日2日启动,high,0.5127220506390034,0.4967988069920336,0.1057754872523398,-0.02661581531269174,5,7,0.4773014677158324,0.51002559491632,0.5242519712709393,4694,4825,6949,6263,0.012722050639003446,49,False
A1_vs_C,pullback_volume_ratio,回调量比,high,0.5123250274300121,0.5072729999482786,0.027695068878096994,0.028543125255111358,4,7,0.4697103633015235,0.521227925304591,0.5435979338973921,4694,4825,6949,6263,0.01232502743001207,50,False
A1_vs_C,rotation,轮动强度,high,0.511314079709297,0.5776841157010199,0.05336101141163101,0.26944068777639957,6,7,0.48274008721225026,0.5397531755235322,0.6258572469771253,4694,4825,6949,6263,0.011314079709296987,51,False
A1_vs_C,rank_ret5,当日候选内前5日涨跌分位,low,0.5107256314421895,0.4892342046258562,0.036950814328043605,-0.037753348593195395,5,7,0.46814786911471995,0.5120959131099991,0.5178125540122606,4694,4825,6949,6263,0.01072563144218952,52,False
A1_vs_C,volume_dry,5日量/20日量,high,0.5103086511056999,0.5084696015336022,0.02959059227613799,0.031036258732682207,4,7,0.4757201852781963,0.5187511167127838,0.5429092933874757,4694,4825,6949,6263,0.010308651105699895,53,False
A1_vs_C,red_green_ratio,阳线量/阴线量,high,0.5079922997277971,0.5043680277559732,0.01839996177882933,0.005069712277412163,4,7,0.47628517002599946,0.5016838615291078,0.5223317443718622,4694,4825,6949,6263,0.007992299727797136,54,False
A1_vs_C,rank_atr_pct,当日候选内ATR波动率分位,low,0.507635786838451,0.5367187552237009,0.02652065879815886,0.12659504165767002,7,7,0.5003491222070223,0.5131229107597939,0.5659491787116097,4694,4825,6949,6263,0.007635786838451009,55,False
A1_vs_C,log_amount,成交额,low,0.5063637628015921,0.5383896042210041,0.013966366401480263,0.11807175178174768,5,7,0.4847884841921264,0.5180588755124806,0.5840375034803035,4694,4825,6949,6263,0.006363762801592121,56,False
A1_vs_C,key_age,2倍量关键K年龄,low,0.5061123035464696,0.4903186850059651,0.02899638273491705,-0.03055198031696887,3,7,0.46310759275762425,0.4998884239343998,0.5364494417610262,4694,4825,6949,6263,0.006112303546469633,57,False
A1_vs_C,up_down_volume,上涨量/下跌量,low,0.5059510211470492,0.49810849039121663,0.02610022140572482,0.008005666175374388,3,7,0.4808488612836439,0.4941736966104271,0.5254949122904924,4694,4825,6949,6263,0.005951021147049151,58,False
A1_vs_C,rank_pullback_volume_ratio,当日候选内回调量比分位,low,0.5049098065880597,0.4995146201814744,0.017121787326282483,-0.0015885633577935108,4,7,0.4754093952439803,0.5098554586563308,0.5179621258626783,4694,4825,6949,6263,0.004909806588059729,59,False
A1_vs_C,rank_volume_ratio,当日候选内当日量/20日均量分位,low,0.5039540721149919,0.49606231041161253,0.014095273390755456,-0.013675426620342995,4,7,0.48028709953417625,0.5033951543362555,0.5220871072963899,4694,4825,6949,6263,0.00395407211499188,60,False
A1_vs_C,b1plus,旧B1+条件,low,0.5037252495192849,0.5016694818596573,0.037001728186110784,0.0165824366026743,4,7,0.49497349563036064,0.5009313092755829,0.5084029986792418,4694,4825,6949,6263,0.003725249519284879,61,False
A1_vs_C,keyk_age,关键K距今天数,high,0.502866822844638,0.514030226063824,0.0028321767091259234,0.04720286448440974,6,7,0.46073953935399714,0.5204401323301729,0.5393047996697456,4694,4825,6949,6263,0.0028668228446380173,62,False
A1_vs_C,rank_close_location,当日候选内当日收盘位置分位,high,0.5009822041587652,0.4826819964078975,0.0035562564893093385,-0.060439625161091956,2,7,0.45996288855404877,0.49317335071684343,0.5189317223695076,4694,4825,6949,6263,0.0009822041587651542,63,False
B_vs_D1,idx_vol20,指数20日波动,high,0.5742822157762119,0.49015574790698774,0.22669485582258692,0.09893761812001234,4,7,0.4708577658125217,0.5555669438112574,0.6338973506625614,5408,5751,7980,7684,0.07428221577621186,1,True
B_vs_D1,atr_pct,ATR波动率,high,0.5699570900455696,0.5161457946010263,0.23679122133169775,0.05608803389945548,7,7,0.5037203397321034,0.5353941309501103,0.5720364939719778,5408,5751,7980,7684,0.0699570900455696,2,True
B_vs_D1,volatility20,20日波动率,high,0.5642508210560757,0.5235181427018876,0.22124539637984333,0.09226988104418798,7,7,0.5163162323209249,0.553890762037081,0.5657442268680561,5408,5751,7980,7684,0.06425082105607571,3,True
B_vs_D1,range10,10日振幅,high,0.5627105049391976,0.5149562153692404,0.19834137521372772,0.052295419729978886,7,7,0.5099815532676659,0.5306519804183355,0.565503105981774,5408,5751,7980,7684,0.06271050493919761,4,True
B_vs_D1,dist_high20,距20日高点,low,0.5570354885540874,0.5236260549865033,0.1880716736133809,0.06302491765486823,6,7,0.496583853427109,0.5327362163299664,0.5662353256031705,5408,5751,7980,7684,0.057035488554087355,5,True
B_vs_D1,ret5,前5日涨跌,low,0.554389064958088,0.5208490627270936,0.16368472634335493,0.056765461131234186,6,7,0.498991570979743,0.5411852992198214,0.5606817057142321,5408,5751,7980,7684,0.05438906495808804,6,True
B_vs_D1,dist_high60,距60日高点,low,0.5495434322458971,0.527749977494491,0.15456590217767194,0.07745251041946795,7,7,0.5060878808297471,0.5351396587349744,0.5643792497500466,5408,5751,7980,7684,0.04954343224589708,7,True
B_vs_D1,log_candidates_today,当日候选数量,low,0.5475928131613849,0.4638185455831145,0.1406686756215257,-0.16501082456160596,3,7,0.4278048597863464,0.49440057334204746,0.5843002343938868,5408,5751,7980,7684,0.04759281316138486,8,True
B_vs_D1,amv_trigger_return,活跃波段启动强度,low,0.5363541740618302,0.47588917145805676,0.051437394563666056,-0.11002869896886967,3,7,0.40207805418562625,0.49539147983476806,0.5377670155896125,5408,5751,7980,7684,0.03635417406183017,9,False
B_vs_D1,above_ma60,市场MA60上方比例,low,0.5346197670536331,0.47736033863941474,0.13136242359197975,-0.09343837510295416,4,7,0.45891268738011626,0.5178491475034028,0.5602376522771945,5408,5751,7980,7684,0.03461976705363312,10,False
B_vs_D1,log_amount,成交额,high,0.5336790861687034,0.50729274709418,0.12300006872484455,0.028245314795880314,6,7,0.4727662260906942,0.5205861751564282,0.5399629458295119,5408,5751,7980,7684,0.03367908616870341,11,False
B_vs_D1,rank_atr_pct,当日候选内ATR波动率分位,high,0.5335520983487307,0.5300595808887132,0.11634983338093359,0.1043836523261967,7,7,0.5202259753408398,0.5293504389489277,0.5496832119273612,5408,5751,7980,7684,0.03355209834873074,12,False
B_vs_D1,breadth_up,市场宽度向上,low,0.530118556047366,0.46871623358239434,0.12252890085431177,-0.1272692325523181,4,7,0.4276444556460769,0.5294609619705144,0.54081775086978,5408,5751,7980,7684,0.03011855604736602,13,False
B_vs_D1,slope20,MA20斜率,high,0.5300257145914422,0.5264969751291295,0.11280166405473385,0.09892531962282841,6,7,0.4841416156243284,0.5271023972733783,0.5811603680190367,5408,5751,7980,7684,0.03002571459144221,14,False
B_vs_D1,amv_return_2d,活跃市值2日涨跌,high,0.5297868990368538,0.5026243380444865,0.12825514816313652,0.040988918613030875,4,7,0.47233047544816836,0.5062906760502013,0.5926246332979119,5408,5751,7980,7684,0.02978689903685383,15,False
B_vs_D1,ret20,前20日涨跌,high,0.529242422079412,0.5150274175809122,0.11999383004481418,0.07124348040082329,6,7,0.4762952553012394,0.5252293139168129,0.556129260783085,5408,5751,7980,7684,0.029242422079411967,16,False
B_vs_D1,slope60,MA60斜率,high,0.5275145742597891,0.5258728386557232,0.10676129105637948,0.09373032639780246,6,7,0.48405766441005804,0.5314932381497325,0.5596333381927713,5408,5751,7980,7684,0.027514574259789093,17,False
B_vs_D1,dist_ma120,距MA120,high,0.527489527162243,0.522867146392791,0.10714224449496257,0.08558438054488884,6,7,0.4872332590085249,0.5332872954308958,0.5558900404863876,5408,5751,7980,7684,0.027489527162242955,18,False
B_vs_D1,ret60,前60日涨跌,high,0.526350929192659,0.5244567610462909,0.09918724350802477,0.08697584227932623,6,7,0.4901088679346658,0.5200586323622924,0.5626247622414788,5408,5751,7980,7684,0.026350929192659023,19,False
B_vs_D1,amt_ratio,全市场成交额比,high,0.5262909801382626,0.5246342202460863,0.08122409727504407,0.1149436238371415,6,7,0.4598570819462438,0.5247722587032143,0.5908934296135129,5408,5751,7980,7684,0.026290980138262587,20,False
B_vs_D1,rank_ret5,当日候选内前5日涨跌分位,low,0.5261090591139796,0.522274207773468,0.09033044232806381,0.07762428919270527,7,7,0.5025285338922836,0.521649358795651,0.5482296585484088,5408,5751,7980,7684,0.02610905911397965,21,False
B_vs_D1,rank_ret20,当日候选内前20日涨跌分位,high,0.5249896564168413,0.4978689566185114,0.087673391632554,-0.006634343258584859,5,7,0.4856582045634116,0.5194450480219966,0.534394517495454,5408,5751,7980,7684,0.024989656416841255,22,False
B_vs_D1,dist_ma5,距MA5,low,0.5243448463812314,0.5351456057504511,0.07034454916536764,0.0883320574846341,7,7,0.5062668432301831,0.5273104493516728,0.5520534458037601,5408,5751,7980,7684,0.024344846381231355,23,False
B_vs_D1,rank_dist_ma60,当日候选内距MA60分位,high,0.5238576337122745,0.5100526726759638,0.08415339270168987,0.0358378266406968,6,7,0.4844547536535568,0.5211491866052248,0.5423024349926886,5408,5751,7980,7684,0.02385763371227445,24,False
B_vs_D1,dist_ma60,距MA60,high,0.5232594614366013,0.5181040837387587,0.09867775082796884,0.07891727807153776,6,7,0.48039123504549036,0.5252843191918529,0.5804383168487688,5408,5751,7980,7684,0.023259461436601292,25,False
B_vs_D1,amv_wave_return,活跃波段累计涨跌,low,0.5191023023780789,0.48796994112036995,0.09514431178730133,0.04235147074932054,4,7,0.4182958230020981,0.5375168258722403,0.6060466138709785,5408,5751,7980,7684,0.01910230237807886,26,False
B_vs_D1,j,KDJ-J,low,0.5188320413017957,0.522359859174224,0.06898959390117125,0.07388209910878926,7,7,0.508170162405637,0.5167919218783581,0.5359006043608043,5408,5751,7980,7684,0.01883204130179572,27,False
B_vs_D1,amv_trigger_2d,当日2日启动,high,0.5165714201749323,0.49874461661702413,0.13319444836631453,-0.010090269597813688,4,7,0.48369919272512363,0.5015510804265949,0.5341712652014422,5408,5751,7980,7684,0.016571420174932294,28,False
B_vs_D1,long_atr,距长期线/ATR,high,0.5140911948423685,0.513197393535896,0.038729790290798476,0.04353028351149818,4,7,0.47179015330611074,0.5249325723415214,0.5682713005095229,5408,5751,7980,7684,0.014091194842368537,29,False
B_vs_D1,body,当日实体,low,0.513962888754104,0.5221012822921437,0.02904590948713378,0.053837589506667116,6,7,0.4765798842901646,0.5197351430974609,0.5366019771728842,5408,5751,7980,7684,0.013962888754104008,30,False
B_vs_D1,upper_wick,上影线比例,high,0.513579063687406,0.5064285029335442,0.049752818445418935,0.02445666431070055,5,7,0.47413300070516085,0.5056409052283197,0.5399778219237117,5408,5751,7980,7684,0.013579063687406023,31,False
B_vs_D1,idx_slope20,指数MA20斜率,low,0.5131973607111291,0.4998903916480425,0.06668099566605876,-0.026157636319593433,5,7,0.40309982470959016,0.5178524574033684,0.591280155276166,5408,5751,7980,7684,0.013197360711129091,32,False
B_vs_D1,market_up,指数趋势向上,low,0.5131439226159793,0.49336749604359675,0.06766752856683786,-0.03414544988221093,4,7,0.4074048845172248,0.504689108227082,0.5224219950037444,5408,5751,7980,7684,0.013143922615979298,33,False
B_vs_D1,up_down_volume,上涨量/下跌量,high,0.513109599411062,0.5174367301648186,0.05011003787257859,0.055828758477174924,6,7,0.49566531896984034,0.5141677872710277,0.5494525580592717,5408,5751,7980,7684,0.013109599411062045,34,False
B_vs_D1,amv_return_1d,活跃市值1日涨跌,high,0.5121745452810368,0.47887117585739475,0.07483481476891596,-0.04776188233898208,4,7,0.45593297147001666,0.5006548194713087,0.5319888794290459,5408,5751,7980,7684,0.012174545281036786,35,False
B_vs_D1,rank_volume_ratio,当日候选内当日量/20日均量分位,low,0.5109598575087019,0.5212754361176236,0.038137201390224786,0.07404546407242327,7,7,0.5075384558618541,0.5127534416873192,0.532428395210975,5408,5751,7980,7684,0.010959857508701876,36,False
B_vs_D1,keyk_age,关键K距今天数,low,0.5107460459805204,0.4909920664591234,0.040795041262743706,-0.027859141415628733,3,7,0.4873345510173802,0.4961677698519803,0.5300535469536125,5408,5751,7980,7684,0.010746045980520424,37,False
B_vs_D1,red_green_ratio,阳线量/阴线量,high,0.5099926344170655,0.5177502906146156,0.04326138309648826,0.0492810473851301,7,7,0.5031281260761902,0.5120971085578774,0.5388098815712896,5408,5751,7980,7684,0.009992634417065549,38,False
B_vs_D1,rsi,RSI,high,0.5097832548288489,0.5092107709408868,0.023185598205970236,0.02563785925718752,4,7,0.4784648345153665,0.5219871976791851,0.5600778362079144,5408,5751,7980,7684,0.009783254828848897,39,False
B_vs_D1,rank_dist_ma20,当日候选内距MA20分位,high,0.5081846455311605,0.486699358364678,0.030025534424603446,-0.04627137413446153,4,7,0.4747015298168444,0.5034314460096455,0.5211121531480548,5408,5751,7980,7684,0.008184645531160495,40,False
B_vs_D1,support_atr,距下方支撑/ATR,high,0.5080010982229638,0.5091460816983453,0.013787607305950954,0.026409107465227066,5,7,0.4820213799805636,0.5121872098616285,0.5646141563334248,5408,5751,7980,7684,0.008001098222963798,41,False
B_vs_D1,idx_ret20,指数20日涨跌,high,0.5079419394774667,0.48409229085206507,0.004463383016108051,-0.060769959001717624,4,7,0.391134863708002,0.5023372272693827,0.5596746625464756,5408,5751,7980,7684,0.007941939477466686,42,False
B_vs_D1,amv_wave_age,活跃波段年龄,low,0.5071883240784469,0.5175855763823928,0.01777605823280186,0.08553738110526063,5,7,0.48260671706653113,0.5315213690380867,0.5779572453644981,5408,5751,7980,7684,0.007188324078446939,43,False
B_vs_D1,amv_peak_drawdown,活跃波段峰值回撤,low,0.5053717182193167,0.49429276601185423,0.08541109346634145,-0.06470064629915881,4,7,0.4117343532873764,0.5020469640025347,0.5357296842628884,5408,5751,7980,7684,0.005371718219316701,44,False
B_vs_D1,pullback_volume_ratio,回调量比,high,0.5053680527904074,0.4971296343409278,-0.003981317463117154,-0.003144399843263079,3,7,0.46436942563937245,0.49929176437790057,0.5369996452992973,5408,5751,7980,7684,0.005368052790407418,45,False
B_vs_D1,dist_ma20,距MA20,low,0.5050069758899661,0.4966099690924344,0.015683370832685645,-0.02515699451681326,3,7,0.44517693136828373,0.4969948670853901,0.5320816904212635,5408,5751,7980,7684,0.005006975889966125,46,False
B_vs_D1,pocket_volume_ratio,当日量/前10日最大阴量,low,0.5048508414795883,0.5015795768703382,0.016327291439509246,0.020042344876188573,4,7,0.49030339772758236,0.5005551973637079,0.5331277829369447,5408,5751,7980,7684,0.004850841479588253,47,False
B_vs_D1,keyk_distance,距关键K低点,low,0.5043287755944728,0.4960680655437585,-0.01637399786351919,-0.03404553367748081,4,7,0.45598271821909786,0.5086628425832735,0.5253154253154253,5408,5751,7980,7684,0.004328775594472756,48,False
B_vs_D1,b1plus,旧B1+条件,high,0.5040792526177593,0.5034377980349103,0.04057674428221195,0.03419612973934145,6,7,0.4997629777383767,0.5031828717285064,0.5120188596132712,5408,5751,7980,7684,0.004079252617759321,49,False
B_vs_D1,base_tightness,整理紧密度,high,0.5039978575889554,0.4772887042567376,0.006751941888462646,-0.08030814774567835,3,7,0.46952279414805104,0.4989615619038248,0.5117005644372971,5408,5751,7980,7684,0.0039978575889554335,50,False
B_vs_D1,rank_key_atr,当日候选内距2倍量关键K/ATR分位,high,0.5038436441737648,0.49413912206554106,0.013430873379065967,-0.02006852690823538,3,7,0.4795352405126331,0.49666661548981567,0.5272129721051105,5408,5751,7980,7684,0.0038436441737648153,51,False
B_vs_D1,close_location,当日收盘位置,low,0.5037166163023873,0.537259745537712,0.016777709141261806,0.10692137248182935,5,7,0.4747624865390818,0.5192773731067175,0.5519378071172413,5408,5751,7980,7684,0.003716616302387288,52,False
B_vs_D1,key_age,2倍量关键K年龄,low,0.5033871230240295,0.49987665156508376,0.010194416183623715,-0.00106952163792039,4,7,0.4864692435592307,0.5031734917002865,0.5245211635855399,5408,5751,7980,7684,0.003387123024029548,53,False
B_vs_D1,key_atr,距2倍量关键K/ATR,high,0.5031197605440721,0.5032191242017483,0.003377148023545765,-0.00933593871826634,4,7,0.4655533644725938,0.5096588433008123,0.546561093568049,5408,5751,7980,7684,0.0031197605440721476,54,False
B_vs_D1,amv_trigger_1d,当日1日启动,high,0.5026045605395099,0.5068142114787229,0.03252379381525062,0.08509074977738541,6,7,0.49834847515811453,0.5029578480113228,0.5210647588473386,5408,5751,7980,7684,0.0026045605395098592,55,False
B_vs_D1,rank_base_tightness,当日候选内整理紧密度分位,low,0.5022498338338894,0.5014165994763067,0.007791034982441669,0.004891375917288764,3,7,0.4816819251064912,0.49909647988732275,0.5127933386903688,5408,5751,7980,7684,0.0022498338338894364,56,False
B_vs_D1,rotation,轮动强度,low,0.5021063194309402,0.43274114489764237,0.0042045185948854456,-0.23454762417339442,2,7,0.4265133050145673,0.45748412849786113,0.5247865754317367,5408,5751,7980,7684,0.0021063194309401956,57,False
B_vs_D1,keyk_intact,关键K未破,high,0.5018132458826301,0.49784152599092735,0.01071984662718358,-0.012760823310106341,4,7,0.4939742437805441,0.5002637297295437,0.5089490068390508,5408,5751,7980,7684,0.001813245882630099,58,False
B_vs_D1,volume_ratio,当日量/20日均量,high,0.5014949162430202,0.4998576608100157,-0.0021576966626253567,-0.015756905866503666,4,7,0.46720249928361635,0.5033503089472325,0.5181956926181692,5408,5751,7980,7684,0.0014949162430202279,59,False
B_vs_D1,volume_dry,5日量/20日量,high,0.5009191866811946,0.49913586999774295,-0.01254500225603804,-0.0032402707606565585,3,7,0.4705252883444373,0.4951417701175815,0.5361588094912857,5408,5751,7980,7684,0.000919186681194617,60,False
B_vs_D1,room_risk,上方空间/下方风险,low,0.5008974217014297,0.47522262401256987,0.006688898136638927,-0.07210069165556524,2,7,0.4621288748735646,0.47839403661068125,0.524586953518829,5408,5751,7980,7684,0.0008974217014297015,61,False
B_vs_D1,rank_close_location,当日候选内当日收盘位置分位,high,0.5005103466698356,0.5012182411390267,0.0014066511271445703,0.0041572943732699034,3,7,0.4908749323537611,0.49898697938488695,0.5100026277341574,5408,5751,7980,7684,0.0005103466698356263,62,False
B_vs_D1,rank_pullback_volume_ratio,当日候选内回调量比分位,low,0.5001866635748453,0.512532070350264,0.0006231806358760895,0.043225489460639435,4,7,0.48973778549675895,0.5001766318459361,0.523304297406691,5408,5751,7980,7684,0.00018666357484531382,63,False
C_vs_D1,above_ma60,市场MA60上方比例,low,0.5876633484782552,0.4586896007995197,0.3255228639178354,-0.1672684639587534,5,7,0.43406909696019813,0.5489646333321709,0.6183472599751669,4825,5751,6263,7684,0.08766334847825519,1,True
C_vs_D1,breadth_up,市场宽度向上,low,0.5806634214549756,0.46044323590378133,0.3352146325355129,-0.16438685468120554,5,7,0.3753830941463059,0.5380427447548641,0.5977049565421658,4825,5751,6263,7684,0.08066342145497563,2,True
C_vs_D1,amv_wave_return,活跃波段累计涨跌,low,0.5789804881872311,0.46487086142447853,0.32502882423128,-0.1466843784707118,5,7,0.45016144674885306,0.5689299641926889,0.6113783460295088,4825,5751,6263,7684,0.07898048818723113,3,True
C_vs_D1,idx_slope20,指数MA20斜率,low,0.5645394222946585,0.4493012992112273,0.21313110709086766,-0.2525132060584079,6,7,0.41416574756680413,0.5401899168797017,0.6077281116816,4825,5751,6263,7684,0.06453942229465848,4,True
C_vs_D1,idx_vol20,指数20日波动,high,0.5586542191806246,0.4492033041861163,0.2305068784933781,0.15383409252333902,3,7,0.46356812907888484,0.4966349832841822,0.600222490687607,4825,5751,6263,7684,0.058654219180624634,5,True
C_vs_D1,amv_wave_age,活跃波段年龄,low,0.5527958642921303,0.5266806728626009,0.20737421851702703,0.085314565059814,6,7,0.4437234386110678,0.556132756132756,0.6331367338310654,4825,5751,6263,7684,0.052795864292130346,6,True
C_vs_D1,idx_ret20,指数20日涨跌,low,0.5519928320643492,0.4525917585435828,0.21981704330253551,-0.22217802774680262,6,7,0.4291398192759428,0.5396520831494327,0.605129900945112,4825,5751,6263,7684,0.05199283206434924,7,True
C_vs_D1,range10,10日振幅,high,0.5435423260473737,0.5152599615184591,0.11692680874722709,0.048327577664880994,3,7,0.48514159964938847,0.49732465429407247,0.5627027752609148,4825,5751,6263,7684,0.043542326047373736,8,True
C_vs_D1,amt_ratio,全市场成交额比,high,0.5434252209347687,0.5660201689387687,0.1485587643088201,0.29116520571709265,6,7,0.4193648803381964,0.5117069234926725,0.6019801764671735,4825,5751,6263,7684,0.04342522093476875,9,False
C_vs_D1,amv_trigger_return,活跃波段启动强度,high,0.5430124069434197,0.5958493579580397,0.22227806936313252,0.6435884410556472,5,7,0.38142510248107175,0.5217092655188941,0.7557709796637062,4825,5751,6263,7684,0.04301240694341968,10,False
C_vs_D1,atr_pct,ATR波动率,high,0.5413212029806935,0.5156904040428807,0.10529464095092163,0.04339598224296863,5,7,0.4780903523538631,0.5048094676635877,0.5656567893777196,4825,5751,6263,7684,0.04132120298069353,11,False
C_vs_D1,dist_high20,距20日高点,low,0.5396240347477304,0.5126063763426212,0.12624212867307172,0.03348421913074511,4,7,0.4791917352325821,0.5026345900919781,0.569338120966028,4825,5751,6263,7684,0.03962403474773035,12,False
C_vs_D1,rank_dist_ma60,当日候选内距MA60分位,high,0.5391722277630473,0.5305400165885048,0.1358639479641476,0.10697547384163406,7,7,0.5111389748747219,0.5281838163090276,0.5536691862995158,4825,5751,6263,7684,0.039172227763047296,13,False
C_vs_D1,amv_peak_drawdown,活跃波段峰值回撤,high,0.5376825296434141,0.5867301271034541,0.02855699888188246,0.3746087161907918,5,7,0.4698879393836488,0.5433664440641185,0.6464694471856195,4825,5751,6263,7684,0.03768252964341412,14,False
C_vs_D1,ret5,前5日涨跌,low,0.5368289182417475,0.49939184279104454,0.10763024129136402,-0.004481284702080597,5,7,0.45818277026373333,0.512294256173889,0.5552718771323423,4825,5751,6263,7684,0.0368289182417475,15,False
C_vs_D1,volatility20,20日波动率,high,0.5366746580680269,0.5246515046724676,0.09670637284058631,0.07715339693096732,5,7,0.48532467503605775,0.5160938961338633,0.5605006879425485,4825,5751,6263,7684,0.036674658068026944,16,False
C_vs_D1,dist_high60,距60日高点,low,0.5358216232725465,0.5055209994029701,0.10546871508575816,0.008677090913173105,4,7,0.44896939881194253,0.5141907876549462,0.5568598498831057,4825,5751,6263,7684,0.035821623272546455,17,False
C_vs_D1,dist_ma5,距MA5,low,0.5343103384588217,0.512960662851981,0.10326750409157649,0.01621910388271549,6,7,0.48563301793695945,0.508529517580887,0.5595319753459289,4825,5751,6263,7684,0.0343103384588217,18,False
C_vs_D1,log_candidates_today,当日候选数量,low,0.5334158060368865,0.5160021761711174,0.09617873512575563,0.0453865655083781,4,7,0.44885792211523967,0.5255961220792724,0.5940955513048536,4825,5751,6263,7684,0.03341580603688654,19,False
C_vs_D1,market_up,指数趋势向上,low,0.5289872903383327,0.4665168391442831,0.14522561254998717,-0.16774981340532297,6,7,0.4265348967705733,0.5183559851001711,0.5316474544028197,4825,5751,6263,7684,0.028987290338332694,20,False
C_vs_D1,rank_ret20,当日候选内前20日涨跌分位,high,0.5282255575286299,0.525931632220598,0.0985210458044045,0.09068141429852636,6,7,0.49436591666799745,0.5250439428175411,0.5460951885388452,4825,5751,6263,7684,0.028225557528629874,21,False
C_vs_D1,rank_dist_ma20,当日候选内距MA20分位,high,0.5268688392106622,0.5144340271974013,0.09233235197336649,0.05055448500231093,6,7,0.49852998841378915,0.5062191743852313,0.5498359218805413,4825,5751,6263,7684,0.026868839210662188,22,False
C_vs_D1,support_atr,距下方支撑/ATR,high,0.5262610356665185,0.5340915806410886,0.09209383180324518,0.12125190480509598,6,7,0.4788016675294951,0.5256610390743197,0.6234413318608618,4825,5751,6263,7684,0.026261035666518495,23,False
C_vs_D1,amv_return_2d,活跃市值2日涨跌,high,0.5260723298403612,0.5493682666342399,0.09787701377539089,0.18821117957615316,4,7,0.39258281652780297,0.519454219524115,0.6156288094270621,4825,5751,6263,7684,0.02607232984036123,24,False
C_vs_D1,rank_base_tightness,当日候选内整理紧密度分位,low,0.5258968433514153,0.5156720975082916,0.089691808461711,0.05405414763602056,7,7,0.5098802166781109,0.5176095819683454,0.5413469252599601,4825,5751,6263,7684,0.02589684335141529,25,False
C_vs_D1,slope60,MA60斜率,high,0.5242663992655479,0.5432183827030719,0.05947358875984819,0.112749984487527,5,7,0.4877401419072984,0.5222693004448182,0.5823875031166326,4825,5751,6263,7684,0.024266399265547856,26,False
C_vs_D1,close_location,当日收盘位置,high,0.5235764178881257,0.5035549897961329,0.07505023302944663,0.014284573629226478,4,7,0.48403681998697695,0.5038650567906968,0.5417996129624036,4825,5751,6263,7684,0.0235764178881257,27,False
C_vs_D1,ret60,前60日涨跌,high,0.5233412346399771,0.5387404401863385,0.04750615192638928,0.094160567502314,5,7,0.4786635804260754,0.5229254888761193,0.5815891806005307,4825,5751,6263,7684,0.02334123463997706,28,False
C_vs_D1,keyk_distance,距关键K低点,low,0.5222010248584115,0.48074915590248746,0.05103127136817612,-0.060881514311406364,5,7,0.4378340757238307,0.509760284661964,0.5306087017416906,4825,5751,6263,7684,0.022201024858411467,29,False
C_vs_D1,volume_ratio,当日量/20日均量,high,0.5217074390306529,0.5272899105934616,0.07522371091559431,0.07309258375868298,6,7,0.46850860392649507,0.5232580621503957,0.572099756196668,4825,5751,6263,7684,0.021707439030652864,30,False
C_vs_D1,rank_key_atr,当日候选内距2倍量关键K/ATR分位,high,0.5184337328530302,0.5206923712449965,0.0638167630215158,0.07124894507595252,6,7,0.4947888508360281,0.5184021893820747,0.5550876896896052,4825,5751,6263,7684,0.018433732853030182,31,False
C_vs_D1,pocket_volume_ratio,当日量/前10日最大阴量,high,0.5181893124241516,0.5047052780918448,0.06692138280498841,0.0035107949258310076,4,7,0.477716948692426,0.5076477089925511,0.5458854323970603,4825,5751,6263,7684,0.01818931242415156,32,False
C_vs_D1,amv_return_1d,活跃市值1日涨跌,high,0.5180411426532714,0.5380910465212057,0.10800274642070579,0.1586941395986552,4,7,0.41567609799654,0.5051037879634707,0.5887511851550861,4825,5751,6263,7684,0.01804114265327139,33,False
C_vs_D1,dist_ma20,距MA20,low,0.5157312762907644,0.47394624802482677,0.07617358681587237,-0.07068097917266941,3,7,0.44546938421535964,0.4970313613783698,0.5525697730348894,4825,5751,6263,7684,0.01573127629076443,34,False
C_vs_D1,upper_wick,上影线比例,high,0.5147375315669362,0.5050477204187803,0.04699403688552182,0.01178230422866125,4,7,0.49204092039555836,0.5037764502910853,0.5387808315715292,4825,5751,6263,7684,0.014737531566936246,35,False
C_vs_D1,log_amount,成交额,low,0.5140512981297238,0.480771873732205,0.05207374434436096,-0.06403911974135397,4,7,0.46178466508395943,0.525163732046145,0.5730068789799876,4825,5751,6263,7684,0.014051298129723833,36,False
C_vs_D1,key_atr,距2倍量关键K/ATR,low,0.5138349942984582,0.47413410386485433,0.05570863982707806,-0.07588838463084605,5,7,0.4338825958772484,0.5005917361760224,0.5241497131002941,4825,5751,6263,7684,0.013834994298458247,37,False
C_vs_D1,amv_trigger_1d,当日1日启动,high,0.5123377326583436,0.5110476715459434,0.1341199348886092,0.12009605244693192,4,7,0.4969920417447269,0.5144483986316241,0.5487001992995493,4825,5751,6263,7684,0.012337732658343592,38,False
C_vs_D1,rsi,RSI,low,0.5122605034672951,0.4651709556044302,0.07637941456708296,-0.11374889499740473,2,7,0.42309431899537553,0.4876795857164965,0.5398029016633668,4825,5751,6263,7684,0.012260503467295125,39,False
C_vs_D1,long_atr,距长期线/ATR,low,0.5121452543058518,0.4556752875414245,0.0724248824693567,-0.1479413377657154,3,7,0.4282562808856347,0.4895782067862722,0.5283199659943846,4825,5751,6263,7684,0.012145254305851783,40,False
C_vs_D1,rank_atr_pct,当日候选内ATR波动率分位,high,0.5113776112827415,0.5107928865585819,0.03942424890241944,0.03730663506100177,5,7,0.4797048238230684,0.512833944270739,0.5298185807766154,4825,5751,6263,7684,0.011377611282741507,41,False
C_vs_D1,room_risk,上方空间/下方风险,low,0.5098490500440978,0.4925993731175009,-0.0030969595707804405,-0.020870840982724872,4,7,0.4851044703595724,0.5078537772212257,0.5171926604553255,4825,5751,6263,7684,0.009849050044097751,42,False
C_vs_D1,rotation,轮动强度,low,0.5098381268227288,0.4681126037643887,-0.004309647476157124,-0.1448374245792474,2,7,0.39642107350863953,0.47855954632726705,0.5822413503808853,4825,5751,6263,7684,0.009838126822728777,43,False
C_vs_D1,pullback_volume_ratio,回调量比,high,0.5095686535254513,0.5241295918129021,0.01744026137520057,0.03362374664630365,6,7,0.45829716783049335,0.5117592240719628,0.5587341092471121,4825,5751,6263,7684,0.009568653525451332,44,False
C_vs_D1,rank_volume_ratio,当日候选内当日量/20日均量分位,high,0.5081500221182529,0.5043779630715847,0.0284258960620348,0.01521249478096184,6,7,0.48117098258158564,0.5078004854749041,0.5286536612108176,4825,5751,6263,7684,0.008150022118252886,45,False
C_vs_D1,volume_dry,5日量/20日量,high,0.5079663730479853,0.5174920912030306,0.017169219531079707,0.04269259079148424,5,7,0.45511420778847606,0.5142741897847204,0.5379273814361177,4825,5751,6263,7684,0.007966373047985309,46,False
C_vs_D1,slope20,MA20斜率,high,0.5076645557474573,0.545270210684317,0.02909215943643439,0.1280625652516146,7,7,0.5031685409044758,0.5110139941729837,0.5898565236740775,4825,5751,6263,7684,0.00766455574745728,47,False
C_vs_D1,key_age,2倍量关键K年龄,high,0.5072760987003915,0.48523993428994183,0.025645551542899006,-0.03541912610254689,4,7,0.45659115052698174,0.5050007784977218,0.5257557759349138,4825,5751,6263,7684,0.007276098700391476,48,False
C_vs_D1,dist_ma120,距MA120,low,0.5068303147098545,0.45267723406007854,0.0059316255354842085,-0.11314057867427035,3,7,0.42501188579109805,0.49677125630614005,0.5342797513950681,4825,5751,6263,7684,0.0068303147098545125,49,False
C_vs_D1,rank_pullback_volume_ratio,当日候选内回调量比分位,high,0.50649209914383,0.5020750592022108,0.022538677500187492,0.007124444325330113,5,7,0.4758796380402117,0.5073723950468136,0.5266853432322228,4825,5751,6263,7684,0.006492099143829977,50,False
C_vs_D1,rank_close_location,当日候选内当日收盘位置分位,high,0.5062728806794583,0.5034537739845732,0.021863261874020348,0.011865132696870489,3,7,0.48247663551401876,0.4992694086081011,0.5222237262321898,4825,5751,6263,7684,0.006272880679458304,51,False
C_vs_D1,dist_ma60,距MA60,high,0.5055836200597689,0.5395113821761928,0.02062669771728994,0.1119207494491772,4,7,0.49160188539523203,0.5013373822970506,0.5945850505988661,4825,5751,6263,7684,0.005583620059768868,52,False
C_vs_D1,keyk_age,关键K距今天数,low,0.5048182571671488,0.5139400381005483,0.01687878147359141,0.03985177170739561,5,7,0.48991322804170045,0.5138631496581829,0.5498144023756495,4825,5751,6263,7684,0.004818257167148787,53,False
C_vs_D1,body,当日实体,high,0.5047138456659486,0.5008536330845168,0.03939482027446034,0.012439233946068636,4,7,0.4718286800911758,0.5045924838438416,0.5223362081501617,4825,5751,6263,7684,0.004713845665948568,54,False
C_vs_D1,ret20,前20日涨跌,high,0.5042161804705286,0.5430625901456569,0.012969952566470069,0.12770543369502896,6,7,0.49213329306352555,0.5087029653957321,0.58891626032778,4825,5751,6263,7684,0.00421618047052863,55,False
C_vs_D1,b1plus,旧B1+条件,high,0.503878073018164,0.5046658702111997,0.0387583995177356,0.04663183516570124,6,7,0.4969422156972972,0.5023261136868105,0.516571612391401,4825,5751,6263,7684,0.0038780730181640077,56,False
C_vs_D1,rank_ret5,当日候选内前5日涨跌分位,high,0.502630783742949,0.5021460931278557,0.009734151809346132,0.007682469196402599,4,7,0.490403229030242,0.5025477454573201,0.5166000319266268,4825,5751,6263,7684,0.0026307837429490055,57,False
C_vs_D1,j,KDJ-J,high,0.5025245800910496,0.5031096797058786,-0.001479510308001786,0.006159487645751263,2,7,0.47840657268187536,0.49827626281713483,0.5290570812213793,4825,5751,6263,7684,0.002524580091049611,58,False
C_vs_D1,base_tightness,整理紧密度,low,0.5023745543690081,0.4954088624240446,-0.00476388968150797,-0.009086976534743552,5,7,0.46882862284836635,0.5038371360121661,0.5385671233141773,4825,5751,6263,7684,0.0023745543690081305,59,False
C_vs_D1,red_green_ratio,阳线量/阴线量,high,0.5014633364055632,0.5176254525412753,0.0029498196474528815,0.046480675094918295,4,7,0.48732396644010045,0.5195470731953988,0.5316001044871422,4825,5751,6263,7684,0.001463336405563176,60,False
C_vs_D1,amv_trigger_2d,当日2日启动,low,0.5005664795399403,0.4962806981468134,0.005211464257390059,-0.034216608551065,4,7,0.4839230235574459,0.5040246316990502,0.5387553684250521,4825,5751,6263,7684,0.0005664795399402678,61,False
C_vs_D1,keyk_intact,关键K未破,low,0.5003689558833201,0.503354272462575,0.0021961425026163555,0.019965694147842564,4,7,0.4954347342350186,0.5001939005229203,0.5065363569790026,4825,5751,6263,7684,0.0003689558833200879,62,False
C_vs_D1,up_down_volume,上涨量/下跌量,low,0.5000839862947917,0.47286061441966454,-0.003918504182374391,-0.1057004250156115,2,7,0.4183222557613049,0.4843442458399356,0.518120294864481,4825,5751,6263,7684,8.398629479167141e-05,63,False
good_vs_bad,above_ma60,市场MA60上方比例,low,0.6091428483419256,0.44196465156726006,0.389902105136716,-0.23143713174486338,5,7,0.4206825547367513,0.5695023422481329,0.6509718117580776,9519,11159,13212,15664,0.10914284834192556,1,True
good_vs_bad,amv_wave_return,活跃波段累计涨跌,low,0.5992983258230145,0.4700909339854782,0.39144140228019697,-0.10289002870123161,5,7,0.46919726806599493,0.557756418833762,0.6273772149058492,9519,11159,13212,15664,0.09929832582301445,2,True
good_vs_bad,amv_wave_age,活跃波段年龄,low,0.5889805138403748,0.5460457286563087,0.324262367692676,0.16468326289926008,6,7,0.4923474414522704,0.5733151496913433,0.6407022103277937,9519,11159,13212,15664,0.08898051384037475,3,True
good_vs_bad,breadth_up,市场宽度向上,low,0.5842283059728924,0.44844595651892893,0.35790817774684464,-0.2190666610786411,5,7,0.38980198143393896,0.5163248647737931,0.5983365760593532,9519,11159,13212,15664,0.08422830597289244,4,True
good_vs_bad,idx_ret20,指数20日涨跌,low,0.5806008125150786,0.45108808112196885,0.3282861635988549,-0.20679366490169215,6,7,0.4170068113464961,0.5421505296751915,0.635573547891842,9519,11159,13212,15664,0.08060081251507856,5,True
good_vs_bad,idx_slope20,指数MA20斜率,low,0.5795461020926062,0.4380828769586691,0.2813210224102058,-0.2591057858618114,6,7,0.39435895745317506,0.5452596701840976,0.6263060787851331,9519,11159,13212,15664,0.07954610209260615,6,True
good_vs_bad,amv_trigger_return,活跃波段启动强度,high,0.5789063460468991,0.6039996092248449,0.35771396649107645,0.672248559734569,5,7,0.38149808301664656,0.5255982518036448,0.7203676830595562,9519,11159,13212,15664,0.07890634604689906,7,True
good_vs_bad,amt_ratio,全市场成交额比,high,0.5708422604656502,0.5639105199114806,0.23941701747902178,0.2578435004012475,6,7,0.4027346892654108,0.5307699534567347,0.6474060732366267,9519,11159,13212,15664,0.07084226046565023,8,True
good_vs_bad,amv_peak_drawdown,活跃波段峰值回撤,high,0.5682546124093591,0.5925743259447488,0.12869401424817836,0.3908955300484751,5,7,0.45358970718374636,0.5692142936731637,0.6110736365895594,9519,11159,13212,15664,0.06825461240935915,9,False
good_vs_bad,idx_vol20,指数20日波动,high,0.5583669210788171,0.443981850969976,0.3074609088903211,0.15271738921498113,3,7,0.4474444861272355,0.48879596496566224,0.6292052038893201,9519,11159,13212,15664,0.058366921078817136,10,False
good_vs_bad,amv_return_1d,活跃市值1日涨跌,high,0.5571408345693472,0.5413115035020937,0.27414901838187944,0.14134512576986644,5,7,0.39112629299048796,0.5230150226194279,0.6278916102314458,9519,11159,13212,15664,0.057140834569347154,11,False
good_vs_bad,long_atr,距长期线/ATR,low,0.5544445890151676,0.4662155666359583,0.24950127507160644,-0.10058256928982101,4,7,0.45689574181572823,0.5184241537418488,0.6014217590472666,9519,11159,13212,15664,0.05444458901516758,12,False
good_vs_bad,market_up,指数趋势向上,low,0.5519371734737871,0.45692683849485893,0.24569735131896667,-0.20376468311446538,6,7,0.44107082177399315,0.5225459886573101,0.57788462886894,9519,11159,13212,15664,0.051937173473787124,13,False
good_vs_bad,dist_ma120,距MA120,low,0.5518199290336933,0.4783929297336096,0.15274913324586564,-0.013140693096195661,5,7,0.460063960034067,0.5318038276746746,0.5714422112077371,9519,11159,13212,15664,0.05181992903369326,14,False
good_vs_bad,keyk_distance,距关键K低点,low,0.5505992500236134,0.487760644111482,0.15010634380260093,-0.01453331462378524,4,7,0.45315361252133823,0.5288891749102097,0.5787246091770011,9519,11159,13212,15664,0.05059925002361343,15,False
good_vs_bad,rsi,RSI,low,0.5502159000726409,0.47057467721330504,0.2343069266910036,-0.08738470852381164,5,7,0.44527922463242564,0.5028473572109328,0.610045601406272,9519,11159,13212,15664,0.05021590007264087,16,False
good_vs_bad,dist_ma5,距MA5,low,0.5494275220600346,0.4908552491552083,0.19349554808661573,-0.04031230597624745,4,7,0.4669538116660158,0.5029467633076548,0.6040700428820285,9519,11159,13212,15664,0.049427522060034645,17,False
good_vs_bad,dist_ma20,距MA20,low,0.5490691470220331,0.47254067652769927,0.2153049957174569,-0.06067381646623637,3,7,0.45949391289075214,0.49598206539642464,0.6190864963376809,9519,11159,13212,15664,0.04906914702203313,18,False
good_vs_bad,ret5,前5日涨跌,low,0.545924258378315,0.48099929738557545,0.1762654697212452,-0.05212611163014306,3,7,0.45289596340232585,0.49959409051858084,0.5931527467240947,9519,11159,13212,15664,0.04592425837831504,19,False
good_vs_bad,key_atr,距2倍量关键K/ATR,low,0.5448798945395759,0.4794878365130366,0.16450238372848736,-0.06294787959938439,4,7,0.44726248623311204,0.5139882548747396,0.579737913435918,9519,11159,13212,15664,0.04487989453957586,20,False
good_vs_bad,range10,10日振幅,high,0.5439547843154655,0.48372552813596575,0.1385229681282051,-0.03168484067735898,2,7,0.44636177319813886,0.48256862774075204,0.5878038645652257,9519,11159,13212,15664,0.04395478431546551,21,False
good_vs_bad,dist_high20,距20日高点,low,0.5419214349092694,0.48423194320358165,0.13650697053100813,-0.040904415532005,2,7,0.4572820318069867,0.49139758893747787,0.5992692738956186,9519,11159,13212,15664,0.04192143490926936,22,False
good_vs_bad,volume_ratio,当日量/20日均量,high,0.5406759833915069,0.5333891306058782,0.15647328504029323,0.10635791201055594,6,7,0.4825202362164031,0.5346812258269242,0.5697494209127476,9519,11159,13212,15664,0.04067598339150691,23,False
good_vs_bad,dist_high60,距60日高点,low,0.5403053557729063,0.4822624769145393,0.12315660881781108,-0.05661311905690662,2,7,0.45847094653879117,0.4867235149006581,0.5886984240412516,9519,11159,13212,15664,0.04030535577290628,24,False
good_vs_bad,dist_ma60,距MA60,low,0.5385728700602013,0.47501011921715386,0.14119912159121994,-0.036735548037236145,5,7,0.4371464363420584,0.5086184121691041,0.5738644615723247,9519,11159,13212,15664,0.03857287006020127,25,False
good_vs_bad,amv_trigger_1d,当日1日启动,high,0.537724980185699,0.509938286981501,0.31506283334563473,0.08300030482668697,5,7,0.49249212063857967,0.5151166516179769,0.5784674049635354,9519,11159,13212,15664,0.03772498018569903,26,False
good_vs_bad,pocket_volume_ratio,当日量/前10日最大阴量,high,0.5357834615881505,0.5147505444334043,0.13983249195639083,0.053843543033422855,6,7,0.4870279427361679,0.5177026004169317,0.5825044006972826,9519,11159,13212,15664,0.03578346158815049,27,False
good_vs_bad,log_amount,成交额,low,0.5332781501203497,0.5040105841928144,0.11837067339978315,0.012466428109858265,6,7,0.49445015215711907,0.5370306738820618,0.5736719875204793,9519,11159,13212,15664,0.033278150120349737,28,False
good_vs_bad,close_location,当日收盘位置,high,0.5326641701527682,0.49803089611248885,0.10651487854985127,-0.004721939986157249,3,7,0.46374780483670663,0.49638101728330486,0.5576537378336802,9519,11159,13212,15664,0.032664170152768235,29,False
good_vs_bad,ret20,前20日涨跌,low,0.5326037733561229,0.4690299406867562,0.12308327702726286,-0.059765585315035445,3,7,0.45383131900735907,0.49981926882777494,0.5835188323015754,9519,11159,13212,15664,0.032603773356122856,30,False
good_vs_bad,amv_return_2d,活跃市值2日涨跌,high,0.5309458810528513,0.5498703501274261,0.17074040391747622,0.1632990100127844,5,7,0.3688555254910352,0.5216762391649294,0.5989960491147279,9519,11159,13212,15664,0.030945881052851343,31,False
good_vs_bad,base_tightness,整理紧密度,high,0.5304453610171801,0.5007334910350172,0.1446557017391649,0.0035887152048576978,4,7,0.45442027478686015,0.5019747322536767,0.560615085474437,9519,11159,13212,15664,0.030445361017180095,32,False
good_vs_bad,body,当日实体,high,0.5299889841627841,0.5028450090602314,0.13687200162338292,0.007971058130401294,3,7,0.4839541490431421,0.4941870740113033,0.5695333645106553,9519,11159,13212,15664,0.02998898416278406,33,False
good_vs_bad,slope20,MA20斜率,low,0.5252448207287417,0.46839237733703565,0.08955434617556968,-0.061200897924129354,4,7,0.43864209239695495,0.5021694722202734,0.5609108025762143,9519,11159,13212,15664,0.02524482072874168,34,False
good_vs_bad,volatility20,20日波动率,high,0.5181714337207267,0.49488731167876915,0.026172772354057555,-0.02639377337225617,3,7,0.4604995852950924,0.4933516736364848,0.5535548549126537,9519,11159,13212,15664,0.018171433720726715,35,False
good_vs_bad,upper_wick,上影线比例,high,0.5179032984916635,0.5054071564773659,0.05966597761215835,0.01768757212036816,5,7,0.4841699590710602,0.504236650750876,0.5444869491201959,9519,11159,13212,15664,0.0179032984916635,36,False
good_vs_bad,atr_pct,ATR波动率,high,0.5174085069963648,0.4795852790913142,0.022746073163622156,-0.06808330722961706,2,7,0.4521893830666453,0.4798574947840577,0.5488341734341169,9519,11159,13212,15664,0.01740850699636476,37,False
good_vs_bad,support_atr,距下方支撑/ATR,high,0.5162961306669529,0.5183786969064808,0.05461604382054882,0.07652542130898544,6,7,0.47308066083576283,0.5119934836954885,0.589413357335386,9519,11159,13212,15664,0.0162961306669529,38,False
good_vs_bad,rank_dist_ma60,当日候选内距MA60分位,high,0.5156706551899668,0.506149439373529,0.05399193622608847,0.021059452850379388,5,7,0.48359444340192015,0.515802237816303,0.5314363589339176,9519,11159,13212,15664,0.015670655189966798,39,False
good_vs_bad,rank_dist_ma20,当日候选内距MA20分位,high,0.5142358370500357,0.5121516350049495,0.049044435928443084,0.042209353432585625,5,7,0.4873207773962703,0.5115901897528232,0.5378511960149697,9519,11159,13212,15664,0.014235837050035727,40,False
good_vs_bad,rank_base_tightness,当日候选内整理紧密度分位,low,0.5138035275965631,0.513715361371731,0.047858736561481645,0.04760368752099359,7,7,0.5059979455172292,0.5124849931192422,0.5247851794505203,9519,11159,13212,15664,0.013803527596563114,41,False
good_vs_bad,pullback_volume_ratio,回调量比,high,0.5131935439566531,0.5291855531016623,0.03377946470756893,0.05118349784368785,6,7,0.4599506904350418,0.5212484389098271,0.5408168544055668,9519,11159,13212,15664,0.013193543956653064,42,False
good_vs_bad,volume_dry,5日量/20日量,high,0.5127761654235263,0.5220335588843151,0.03812351358593239,0.061239504795373344,6,7,0.456494991522007,0.5221815074224911,0.5362122579947544,9519,11159,13212,15664,0.012776165423526331,43,False
good_vs_bad,rank_volume_ratio,当日候选内当日量/20日均量分位,high,0.5115192521179195,0.5173043203751689,0.039886030847304195,0.060052722514444934,7,7,0.5008267579245369,0.508762676965345,0.5331562456953557,9519,11159,13212,15664,0.011519252117919487,44,False
good_vs_bad,ret60,前60日涨跌,low,0.5107386737695672,0.4816416154433847,0.06577442451226083,-0.012291714506440428,5,7,0.44570602079719446,0.5064553571229743,0.5344354710977801,9519,11159,13212,15664,0.010738673769567164,45,False
good_vs_bad,rank_ret5,当日候选内前5日涨跌分位,high,0.5102049780949935,0.5192454855206382,0.03559765826237684,0.06717144084427577,6,7,0.4909543614081369,0.5166014972123293,0.526242718971553,9519,11159,13212,15664,0.010204978094993544,46,False
good_vs_bad,up_down_volume,上涨量/下跌量,low,0.5093445485068087,0.4806219842394184,0.03325689367532713,-0.07296384188659158,2,7,0.42954922377022986,0.49540146619549097,0.5335590742164563,9519,11159,13212,15664,0.009344548506808659,47,False
good_vs_bad,rank_ret20,当日候选内前20日涨跌分位,high,0.5091720427158757,0.5112890009763,0.03154960679433195,0.03914522038549406,5,7,0.4718664255899701,0.5122893625375821,0.5327702648693502,9519,11159,13212,15664,0.009172042715875683,48,False
good_vs_bad,rank_atr_pct,当日候选内ATR波动率分位,low,0.5086796894982374,0.5237876885995553,0.030093327083343672,0.08254505196873542,5,7,0.4975397251721104,0.5201005859313714,0.5544311790273417,9519,11159,13212,15664,0.008679689498237386,49,False
good_vs_bad,keyk_intact,关键K未破,low,0.5077115332256141,0.5002662733170112,0.04667951119505389,0.0016118076546802662,5,7,0.4942784435845028,0.5018586153741699,0.5114935481845104,9519,11159,13212,15664,0.007711533225614131,50,False
good_vs_bad,rank_close_location,当日候选内当日收盘位置分位,high,0.5066466837103216,0.4937152229826663,0.023039409557480878,-0.02181441827603756,2,7,0.48306748964097157,0.49683408098245174,0.5139758341203879,9519,11159,13212,15664,0.006646683710321621,51,False
good_vs_bad,key_age,2倍量关键K年龄,high,0.5058415901355232,0.4901542703419733,0.016431100463897386,-0.020146640743755006,2,7,0.4787318295312815,0.4951650118798558,0.5256558516739647,9519,11159,13212,15664,0.005841590135523211,52,False
good_vs_bad,log_candidates_today,当日候选数量,high,0.5052794218657266,0.497677361338796,0.025171012207711063,0.00600329919902002,4,7,0.4636595568654175,0.5051777391198502,0.5774120831766246,9519,11159,13212,15664,0.005279421865726608,53,False
good_vs_bad,slope60,MA60斜率,low,0.504629008946229,0.47912901797960006,0.04553456236667831,-0.02619634992532481,4,7,0.4441236636577317,0.5043694835491614,0.5316855880967115,9519,11159,13212,15664,0.004629008946228974,54,False
good_vs_bad,rotation,轮动强度,low,0.5045146311298712,0.464986150849647,-0.031349024483502144,-0.1552827205574209,2,7,0.41665210241130424,0.4758097890818038,0.5661117956978954,9519,11159,13212,15664,0.0045146311298711606,55,False
good_vs_bad,rank_pullback_volume_ratio,当日候选内回调量比分位,high,0.5041240689439107,0.5086574754100414,0.014311478689694764,0.02994442087932375,4,7,0.4778552099104565,0.5007490788564711,0.527975014284028,9519,11159,13212,15664,0.004124068943910708,56,False
good_vs_bad,rank_key_atr,当日候选内距2倍量关键K/ATR分位,high,0.5034819233569999,0.5117087628284399,0.012045176462311704,0.040614626646026754,5,7,0.4949815028081025,0.5087495714942148,0.5375711567554079,9519,11159,13212,15664,0.0034819233569999275,57,False
good_vs_bad,amv_trigger_2d,当日2日启动,low,0.5023240222287702,0.49732484853742087,0.018966693951013292,-0.021832312288250014,3,7,0.48101959416797,0.4974285011487489,0.5432463645921617,9519,11159,13212,15664,0.0023240222287701506,58,False
good_vs_bad,keyk_age,关键K距今天数,high,0.5017865169678556,0.4889612707239639,0.0046057086460197716,-0.0292212086995063,3,7,0.45084487995211386,0.4993847607903147,0.5118301822030998,9519,11159,13212,15664,0.0017865169678555892,59,False
good_vs_bad,j,KDJ-J,high,0.5010084255108198,0.5101238462294932,0.000152776053288625,0.03367357609163621,6,7,0.4772862013248014,0.5012742663319678,0.5237618556337542,9519,11159,13212,15664,0.0010084255108198104,60,False
good_vs_bad,red_green_ratio,阳线量/阴线量,high,0.5005294969416137,0.5108370186186637,-0.009361899915949334,0.023314590543092675,4,7,0.4899862480330113,0.5019734139401839,0.5186902899920351,9519,11159,13212,15664,0.0005294969416137496,61,False
good_vs_bad,room_risk,上方空间/下方风险,high,0.5001461672699901,0.5116850223062256,0.017865254800138473,0.06843116438171264,5,7,0.48083114249430353,0.5085673598182819,0.5132091953644093,9519,11159,13212,15664,0.0001461672699900607,62,False
good_vs_bad,b1plus,旧B1+条件,high,0.5000641483551308,0.5020364066838672,0.0006376639665456352,0.020242813099203553,2,7,0.49759185660362515,0.4988286987529699,0.5095093852544238,9519,11159,13212,15664,6.414835513079975e-05,63,False
