contrast,leaf,n,predicted_probability,actual_positive_rate,mean_net,paths
good_vs_bad,2,9813,0.5162783286503119,0.38785284826250893,-0.02034280610381704,"{""D1"": 0.3216, ""B"": 0.2905, ""C"": 0.2036, ""A1"": 0.1842}"
good_vs_bad,3,6737,0.33458624147828814,0.3923111177081787,-0.005070836325241696,"{""B"": 0.3375, ""D1"": 0.2701, ""A1"": 0.2102, ""C"": 0.1821}"
good_vs_bad,5,1360,0.7599948029478943,0.4588235294117647,0.004710663988431194,"{""D1"": 0.2853, ""B"": 0.2559, ""A1"": 0.2456, ""C"": 0.2132}"
good_vs_bad,6,10966,0.5005514167803103,0.5598212657304396,0.023681702609476107,"{""A1"": 0.3092, ""C"": 0.2506, ""B"": 0.2286, ""D1"": 0.2116}"
A1_vs_C,2,3643,0.3808199754031432,0.4908042821850124,0.084920666225379,"{""C"": 0.5092, ""A1"": 0.4908}"
A1_vs_C,3,8407,0.4741643466127509,0.5296776495777329,0.0780865585948687,"{""A1"": 0.5297, ""C"": 0.4703}"
A1_vs_C,5,317,0.7737051734821758,0.5394321766561514,0.12155436907287798,"{""A1"": 0.5394, ""C"": 0.4606}"
A1_vs_C,6,845,0.5346564420683622,0.6355029585798817,0.10803519250087466,"{""A1"": 0.6355, ""C"": 0.3645}"
A1_vs_B,2,4659,0.5281699972374155,0.3880661086069972,-0.010537795291363295,"{""B"": 0.6119, ""A1"": 0.3881}"
A1_vs_B,3,3690,0.3013831240753303,0.383739837398374,-0.0011543566546851885,"{""B"": 0.6163, ""A1"": 0.3837}"
A1_vs_B,5,682,0.813659428748428,0.4897360703812317,0.007865164628966508,"{""B"": 0.5103, ""A1"": 0.4897}"
A1_vs_B,6,5898,0.48036476173926196,0.5749406578501187,0.034435668430245335,"{""A1"": 0.5749, ""B"": 0.4251}"
C_vs_D1,2,2897,0.4286221030260423,0.4301001035554021,-0.01469103431855562,"{""D1"": 0.5699, ""C"": 0.4301}"
C_vs_D1,3,7487,0.5583568626037839,0.43381861893949514,-0.00896704175087076,"{""D1"": 0.5662, ""C"": 0.4338}"
C_vs_D1,5,2659,0.1576988312828637,0.5197442647611884,0.0025044948176546605,"{""C"": 0.5197, ""D1"": 0.4803}"
C_vs_D1,6,904,0.43487476217077603,0.4280973451327434,-0.021846357173803822,"{""D1"": 0.5719, ""C"": 0.4281}"
B_vs_D1,2,815,0.41146829995114836,0.5030674846625767,-0.057344306807255205,"{""B"": 0.5031, ""D1"": 0.4969}"
B_vs_D1,3,12122,0.48083868069036045,0.5033822801517901,-0.062317756394162975,"{""B"": 0.5034, ""D1"": 0.4966}"
B_vs_D1,5,2452,0.5314007232476005,0.5265089722675367,-0.09732164909612108,"{""B"": 0.5265, ""D1"": 0.4735}"
B_vs_D1,6,275,0.6179971455948394,0.6436363636363637,-0.08182876000118323,"{""B"": 0.6436, ""D1"": 0.3564}"
