feature,contrast,auc,n,years_above_50pct,year_min,year_max
dist_ma5,A1vsB,0.4922,25031,4/7,0.355,0.548
dist_ma5,A1vsD1,0.4636,25078,2/7,0.341,0.518
dist_ma5,CvsB,0.507,24476,6/7,0.458,0.545
dist_ma5,CvsD1,0.4777,24523,1/7,0.44,0.514
dist_ma5,A1vsC,0.4854,22731,3/7,0.39,0.508
dist_ma5,BvsD1,0.4706,26823,0/7,0.448,0.494
dist_ma20,A1vsB,0.4826,25031,2/7,0.319,0.527
dist_ma20,A1vsD1,0.482,25078,3/7,0.327,0.583
dist_ma20,CvsB,0.508,24476,5/7,0.435,0.525
dist_ma20,CvsD1,0.5078,24523,4/7,0.447,0.555
dist_ma20,A1vsC,0.4747,22731,2/7,0.37,0.526
dist_ma20,BvsD1,0.4994,26823,4/7,0.468,0.555
dist_ma60,A1vsB,0.4713,25031,2/7,0.357,0.535
dist_ma60,A1vsD1,0.4897,25078,2/7,0.379,0.626
dist_ma60,CvsB,0.5055,24476,3/7,0.47,0.518
dist_ma60,CvsD1,0.5246,24523,4/7,0.492,0.595
dist_ma60,A1vsC,0.4659,22731,1/7,0.383,0.529
dist_ma60,BvsD1,0.5188,26823,6/7,0.48,0.58
dist_ma120,A1vsB,0.4583,25031,2/7,0.358,0.509
dist_ma120,A1vsD1,0.4829,25078,3/7,0.381,0.557
dist_ma120,CvsB,0.4979,24476,2/7,0.446,0.53
dist_ma120,CvsD1,0.5231,24523,4/7,0.466,0.575
dist_ma120,A1vsC,0.4602,22731,1/7,0.383,0.516
dist_ma120,BvsD1,0.5254,26823,6/7,0.487,0.556
slope20,A1vsB,0.4857,25031,3/7,0.375,0.535
slope20,A1vsD1,0.5129,25078,5/7,0.405,0.628
slope20,CvsB,0.5018,24476,2/7,0.469,0.533
slope20,CvsD1,0.5288,24523,7/7,0.503,0.59
slope20,A1vsC,0.4837,22731,4/7,0.405,0.53
slope20,BvsD1,0.5267,26823,6/7,0.484,0.581
slope60,A1vsB,0.4853,25031,2/7,0.431,0.528
slope60,A1vsD1,0.5139,25078,4/7,0.439,0.592
slope60,CvsB,0.506,24476,4/7,0.458,0.52
slope60,CvsD1,0.5345,24523,5/7,0.488,0.582
slope60,A1vsC,0.4786,22731,2/7,0.446,0.515
slope60,BvsD1,0.5276,26823,6/7,0.484,0.56
ret5,A1vsB,0.5,25031,5/7,0.373,0.552
ret5,A1vsD1,0.4671,25078,4/7,0.334,0.535
ret5,CvsB,0.5171,24476,5/7,0.494,0.582
ret5,CvsD1,0.4838,24523,2/7,0.445,0.542
ret5,A1vsC,0.4832,22731,3/7,0.378,0.52
ret5,BvsD1,0.4663,26823,1/7,0.439,0.501
ret20,A1vsB,0.4818,25031,3/7,0.345,0.517
ret20,A1vsD1,0.5019,25078,5/7,0.377,0.571
ret20,CvsB,0.5055,24476,3/7,0.449,0.531
ret20,CvsD1,0.526,24523,6/7,0.492,0.589
ret20,A1vsC,0.4761,22731,2/7,0.387,0.52
ret20,BvsD1,0.5198,26823,6/7,0.476,0.556
ret60,A1vsB,0.481,25031,2/7,0.41,0.525
ret60,A1vsD1,0.5078,25078,3/7,0.443,0.591
ret60,CvsB,0.5047,24476,3/7,0.467,0.518
ret60,CvsD1,0.5316,24523,5/7,0.479,0.582
ret60,A1vsC,0.4758,22731,2/7,0.424,0.506
ret60,BvsD1,0.5261,26823,6/7,0.49,0.563
atr_pct,A1vsB,0.4681,25031,2/7,0.412,0.525
atr_pct,A1vsD1,0.5031,25078,2/7,0.425,0.598
atr_pct,CvsB,0.4919,24476,1/7,0.426,0.505
atr_pct,CvsD1,0.5278,24523,5/7,0.478,0.566
atr_pct,A1vsC,0.4754,22731,4/7,0.417,0.538
atr_pct,BvsD1,0.5349,26823,7/7,0.504,0.572
volatility20,A1vsB,0.4813,25031,2/7,0.433,0.534
volatility20,A1vsD1,0.5197,25078,3/7,0.452,0.608
volatility20,CvsB,0.4919,24476,1/7,0.426,0.502
volatility20,CvsD1,0.5306,24523,5/7,0.485,0.561
volatility20,A1vsC,0.4893,22731,4/7,0.432,0.552
volatility20,BvsD1,0.5374,26823,7/7,0.516,0.566
range10,A1vsB,0.4909,25031,2/7,0.411,0.607
range10,A1vsD1,0.5225,25078,3/7,0.421,0.665
range10,CvsB,0.4948,24476,1/7,0.444,0.511
range10,CvsD1,0.5281,24523,3/7,0.485,0.563
range10,A1vsC,0.4953,22731,4/7,0.426,0.615
range10,BvsD1,0.5327,26823,7/7,0.51,0.566
dist_high20,A1vsB,0.5074,25031,4/7,0.377,0.578
dist_high20,A1vsD1,0.4728,25078,3/7,0.33,0.547
dist_high20,CvsB,0.5115,24476,6/7,0.485,0.555
dist_high20,CvsD1,0.4754,24523,3/7,0.431,0.521
dist_high20,A1vsC,0.4967,22731,3/7,0.387,0.549
dist_high20,BvsD1,0.4644,26823,1/7,0.434,0.503
dist_high60,A1vsB,0.5062,25031,5/7,0.384,0.563
dist_high60,A1vsD1,0.4711,25078,4/7,0.35,0.53
dist_high60,CvsB,0.5174,24476,6/7,0.483,0.561
dist_high60,CvsD1,0.4812,24523,3/7,0.443,0.551
dist_high60,A1vsC,0.4893,22731,3/7,0.395,0.53
dist_high60,BvsD1,0.4644,26823,0/7,0.436,0.494
close_location,A1vsB,0.5134,25031,4/7,0.435,0.576
close_location,A1vsD1,0.4899,25078,4/7,0.401,0.554
close_location,CvsB,0.5359,24476,5/7,0.458,0.564
close_location,CvsD1,0.5124,24523,4/7,0.484,0.542
close_location,A1vsC,0.4774,22731,3/7,0.418,0.547
close_location,BvsD1,0.4766,26823,2/7,0.448,0.525
upper_wick,A1vsB,0.5118,25031,5/7,0.467,0.544
upper_wick,A1vsD1,0.521,25078,5/7,0.474,0.585
upper_wick,CvsB,0.5,24476,3/7,0.488,0.521
upper_wick,CvsD1,0.5093,24523,4/7,0.492,0.539
upper_wick,A1vsC,0.5119,22731,5/7,0.472,0.549
upper_wick,BvsD1,0.5093,26823,5/7,0.474,0.54
body,A1vsB,0.5256,25031,3/7,0.48,0.615
body,A1vsD1,0.5081,25078,3/7,0.455,0.597
body,CvsB,0.5206,24476,5/7,0.474,0.544
body,CvsD1,0.5026,24523,4/7,0.472,0.522
body,A1vsC,0.5054,22731,4/7,0.449,0.575
body,BvsD1,0.4812,26823,1/7,0.463,0.523
volume_ratio,A1vsB,0.548,25031,6/7,0.495,0.606
volume_ratio,A1vsD1,0.5492,25078,6/7,0.463,0.62
volume_ratio,CvsB,0.5234,24476,7/7,0.501,0.56
volume_ratio,CvsD1,0.5248,24523,6/7,0.469,0.572
volume_ratio,A1vsC,0.5251,22731,4/7,0.466,0.589
volume_ratio,BvsD1,0.5016,26823,4/7,0.467,0.518
volume_dry,A1vsB,0.5229,25031,6/7,0.46,0.561
volume_dry,A1vsD1,0.5232,25078,5/7,0.431,0.553
volume_dry,CvsB,0.5131,24476,4/7,0.478,0.526
volume_dry,CvsD1,0.5134,24523,5/7,0.455,0.538
volume_dry,A1vsC,0.5099,22731,4/7,0.476,0.543
volume_dry,BvsD1,0.5002,26823,3/7,0.471,0.536
up_down_volume,A1vsB,0.4995,25031,3/7,0.449,0.561
up_down_volume,A1vsD1,0.5144,25078,4/7,0.47,0.607
up_down_volume,CvsB,0.5007,24476,4/7,0.461,0.536
up_down_volume,CvsD1,0.5155,24523,5/7,0.482,0.582
up_down_volume,A1vsC,0.4988,22731,4/7,0.475,0.519
up_down_volume,BvsD1,0.515,26823,6/7,0.496,0.549
log_amount,A1vsB,0.4637,25031,0/7,0.413,0.483
log_amount,A1vsD1,0.4836,25078,1/7,0.41,0.511
log_amount,CvsB,0.4841,24476,1/7,0.409,0.5
log_amount,CvsD1,0.5039,24523,3/7,0.427,0.538
log_amount,A1vsC,0.4792,22731,2/7,0.416,0.515
log_amount,BvsD1,0.5196,26823,6/7,0.473,0.54
j,A1vsB,0.5102,25031,4/7,0.478,0.522
j,A1vsD1,0.4896,25078,2/7,0.461,0.501
j,CvsB,0.5231,24476,6/7,0.495,0.544
j,CvsD1,0.5028,24523,2/7,0.478,0.529
j,A1vsC,0.487,22731,2/7,0.467,0.515
j,BvsD1,0.4794,26823,0/7,0.464,0.492
rsi,A1vsB,0.4782,25031,3/7,0.324,0.534
rsi,A1vsD1,0.4864,25078,2/7,0.337,0.6
rsi,CvsB,0.5063,24476,3/7,0.441,0.533
rsi,CvsD1,0.5146,24523,5/7,0.46,0.577
rsi,A1vsC,0.4723,22731,3/7,0.375,0.516
rsi,BvsD1,0.5084,26823,4/7,0.478,0.56
keyk_age,A1vsB,0.498,13299,4/7,0.451,0.548
keyk_age,A1vsD1,0.4992,13107,4/7,0.46,0.524
keyk_age,CvsB,0.4886,12788,2/7,0.44,0.512
keyk_age,CvsD1,0.4898,12596,2/7,0.45,0.51
keyk_age,A1vsC,0.5096,11769,6/7,0.461,0.539
keyk_age,BvsD1,0.5011,14126,4/7,0.47,0.513
keyk_distance,A1vsB,0.4714,13299,2/7,0.381,0.531
keyk_distance,A1vsD1,0.4707,13107,3/7,0.367,0.582
keyk_distance,CvsB,0.5015,12788,3/7,0.481,0.515
keyk_distance,CvsD1,0.5015,12596,2/7,0.469,0.562
keyk_distance,A1vsC,0.4699,11769,2/7,0.395,0.517
keyk_distance,BvsD1,0.4999,14126,3/7,0.475,0.544
above_ma60,A1vsB,0.4966,25031,2/7,0.319,0.585
above_ma60,A1vsD1,0.4971,25078,2/7,0.279,0.634
above_ma60,CvsB,0.4866,24476,3/7,0.42,0.531
above_ma60,CvsD1,0.4887,24523,2/7,0.382,0.566
above_ma60,A1vsC,0.5078,22731,3/7,0.375,0.569
above_ma60,BvsD1,0.5023,26823,3/7,0.44,0.541
idx_slope20,A1vsB,0.5014,25031,1/7,0.355,0.617
idx_slope20,A1vsD1,0.4915,25078,1/7,0.321,0.707
idx_slope20,CvsB,0.5125,24476,3/7,0.34,0.558
idx_slope20,CvsD1,0.502,24523,1/7,0.392,0.586
idx_slope20,A1vsC,0.4896,22731,2/7,0.387,0.583
idx_slope20,BvsD1,0.4901,26823,2/7,0.409,0.597
idx_ret20,A1vsB,0.4791,25031,1/7,0.321,0.59
idx_ret20,A1vsD1,0.4673,25078,2/7,0.263,0.629
idx_ret20,CvsB,0.5155,24476,3/7,0.393,0.54
idx_ret20,CvsD1,0.5036,24523,1/7,0.395,0.571
idx_ret20,A1vsC,0.4653,22731,2/7,0.352,0.567
idx_ret20,BvsD1,0.4881,26823,4/7,0.391,0.56
idx_vol20,A1vsB,0.4954,25031,3/7,0.436,0.65
idx_vol20,A1vsD1,0.5086,25078,3/7,0.438,0.724
idx_vol20,CvsB,0.492,24476,4/7,0.433,0.516
idx_vol20,CvsD1,0.5073,24523,3/7,0.464,0.6
idx_vol20,A1vsC,0.5033,22731,3/7,0.472,0.636
idx_vol20,BvsD1,0.5165,26823,4/7,0.471,0.634
amt_ratio,A1vsB,0.5756,25031,6/7,0.39,0.685
amt_ratio,A1vsD1,0.5987,25078,5/7,0.393,0.763
amt_ratio,CvsB,0.5343,24476,5/7,0.417,0.58
amt_ratio,CvsD1,0.5573,24523,6/7,0.419,0.602
amt_ratio,A1vsC,0.5413,22731,4/7,0.459,0.678
amt_ratio,BvsD1,0.524,26823,6/7,0.46,0.591
rotation,A1vsB,0.5223,25031,5/7,0.454,0.608
rotation,A1vsD1,0.5662,25078,5/7,0.416,0.627
rotation,CvsB,0.4731,24476,4/7,0.414,0.547
rotation,CvsD1,0.5145,24523,5/7,0.418,0.604
rotation,A1vsC,0.5523,22731,6/7,0.483,0.626
rotation,BvsD1,0.5416,26823,5/7,0.475,0.573
