,A1,A2,B,C,D1,D2
dist_ma5,-0.026,-0.026,-0.024,-0.024,-0.023,-0.026
dist_ma20,-0.029,-0.023,-0.024,-0.024,-0.024,-0.024
dist_ma60,0.021,0.044,0.032,0.031,0.025,0.04
dist_ma120,0.048,0.085,0.069,0.064,0.057,0.088
slope20,0.009,0.014,0.012,0.011,0.009,0.013
slope60,0.008,0.011,0.009,0.009,0.008,0.011
ret5,-0.052,-0.053,-0.05,-0.048,-0.046,-0.054
ret20,0.009,0.028,0.02,0.018,0.01,0.026
ret60,0.08,0.123,0.101,0.096,0.082,0.128
atr_pct,0.041,0.047,0.043,0.042,0.041,0.047
volatility20,0.026,0.03,0.027,0.027,0.026,0.03
range10,0.138,0.149,0.137,0.134,0.128,0.149
dist_high20,-0.116,-0.124,-0.116,-0.114,-0.109,-0.125
dist_high60,-0.137,-0.146,-0.138,-0.134,-0.13,-0.147
close_location,0.359,0.349,0.347,0.376,0.366,0.387
upper_wick,0.314,0.312,0.304,0.303,0.297,0.315
body,-0.005,-0.007,-0.007,-0.006,-0.006,-0.006
volume_ratio,0.809,0.761,0.754,0.777,0.756,0.748
volume_dry,0.942,0.922,0.92,0.932,0.922,0.917
up_down_volume,1.11,1.126,1.112,1.117,1.089,1.14
log_amount,11.668,11.887,11.83,11.751,11.735,11.959
j,5.179,4.955,4.908,5.434,5.416,5.004
rsi,46.42,47.889,47.252,47.324,47.12,47.529
keyk_intact,0.126,0.15,0.135,0.132,0.136,0.149
keyk_age,25.069,24.743,25.105,24.614,25.087,25.918
keyk_distance,0.009,0.033,0.024,0.023,0.021,0.043
above_ma60,0.549,0.546,0.551,0.543,0.551,0.542
idx_slope20,0.005,0.005,0.005,0.005,0.005,0.006
idx_ret20,0.014,0.018,0.017,0.02,0.018,0.022
idx_vol20,0.011,0.01,0.01,0.01,0.01,0.01
amt_ratio,1.082,1.053,1.046,1.062,1.033,1.056
rotation,0.022,0.014,0.017,0.014,0.01,0.011
b1plus,0.042,0.058,0.045,0.047,0.038,0.064
